"driver_id","sector_id","real_delivery_duration","planned_delivery_duration"
3,"","0",""
3,2,"203",200
1,"","176",""
1,2,"65",200
4,"","323",""
4,3,"211",200
4,"","293",""
4,1,"556",200
1,"","229",""
1,"","520",""
1,2,"44",200
4,"","280",""
3,"","599",""
4,1,"559",200
1,1,"83",200
3,2,"205",200
1,"","516",""
1,"","666",""
1,3,"46",200
1,2,"73",200
3,"","185",""
2,"","130",""
3,1,"401",200
1,"","539",""
2,1,"319",200
1,3,"49",200
2,"","988",""
2,"","238",""
2,"","184",""
2,3,"138",200
2,1,"267",200
1,"","483",""
1,"","580",""
2,"","201",""
1,"","539",""
2,1,"297",200
1,1,"87",200
2,"","616",""
1,3,"67",200
1,"","680",""
1,"","571",""
2,1,"323",200
1,3,"70",200
1,"","0",""
4,"","313",""
1,"","639",""
1,"","177",""
4,3,"229",200
1,1,"95",200
1,3,"71",200
1,"","587",""
3,"","680",""
1,"","299",""
4,"","256",""
3,"","0",""
4,"","371",""
1,2,"100",200
4,2,"179",200
4,"","752",""
3,2,"102",200
4,3,"354",200
3,"","629",""
4,"","391",""
2,"","670",""
4,1,"620",200
1,"","484",""
3,2,"235",200
2,2,"161",200
1,1,"71",200
2,"","370",""
1,"","387",""
4,"","588",""
2,3,"134",200
1,"","632",""
1,1,"127",200
4,3,"0",200
1,1,"104",200
3,"","434",""
3,2,"135",200
3,"","540",""
2,"","0",""
2,1,"144",200
3,1,"203",200
1,"","644",""
4,"","448",""
4,2,"185",200
1,2,"0",200
3,"","150",""
1,"","617",""
3,3,"197",200
1,1,"0",200
2,"","298",""
1,"","121",""
1,1,"75",200
2,1,"0",200
4,"","658",""
4,3,"187",200
2,"","320",""
2,3,"71",200
1,"","731",""
4,"","953",""
1,"","749",""
1,"","0",""
3,"","505",""
4,"","577",""
1,"","158",""
1,3,"30",200
1,2,"37",200
3,3,"148",200
4,2,"146",200
2,"","735",""
2,"","536",""
3,"","245",""
2,2,"104",200
3,3,"148",200
3,"","399",""
3,1,"228",200
4,"","142",""
4,1,"327",200
4,"","487",""
2,"","191",""
4,"","981",""
2,1,"172",200
4,3,"273",200
4,"","0",""
3,"","178",""
4,2,"207",200
3,3,"152",200
2,"","394",""
2,2,"92",200
2,"","343",""
2,2,"89",200
2,"","123",""
2,1,"274",200
2,"","412",""
2,"","182",""
2,2,"66",200
2,"","667",""
2,1,"208",200
4,"","374",""
2,3,"131",200
4,2,"116",200
1,"","160",""
1,2,"66",200
2,"","1091",""
2,"","440",""
3,"","335",""
3,3,"124",200
2,1,"189",200
1,"","534",""
2,"","332",""
2,2,"117",200
1,1,"0",200
2,"","722",""
2,"","682",""
2,"","269",""
2,1,"207",200
2,2,"97",200
1,"","1012",""
1,"","384",""
1,1,"121",200
1,"","194",""
2,"","1011",""
1,2,"67",200
3,"","677",""
2,"","537",""
2,"","346",""
3,1,"154",200
2,2,"129",200
2,1,"163",200
2,"","581",""
2,2,"78",200
1,"","1053",""
3,"","505",""
1,"","395",""
3,"","676",""
1,"","189",""
3,2,"216",169
1,1,"104",169
1,1,"88",169
3,2,"199",169
2,"","777",""
1,"","934",""
2,"","188",""
1,"","655",""
2,1,"-149",169
4,"","383",""
1,2,"76",169
4,2,"381",169
4,"","442",""
4,1,"399",169
4,"","182",""
4,3,"433",169
4,"","15331",""
4,"","427",""
4,"","519",""
4,"","306",""
4,2,"181",169
4,2,"0",169
2,"","465",""
2,"","666",""
2,2,"168",169
2,"","480",""
2,"","664",""
3,"","555",""
2,1,"108",169
3,1,"465",169
2,3,"107",169
3,"","660",""
1,"","598",""
3,3,"143",169
1,3,"0",169
4,"","391",""
4,"","506",""
4,1,"450",169
4,"","370",""
4,2,"260",169
2,"","205",""
4,3,"0",169
2,3,"123",169
4,"","398",""
2,"","297",""
4,2,"186",169
3,"","1146",""
2,1,"293",169
4,"","545",""
3,"","232",""
3,3,"144",169
3,"","452",""
4,2,"142",169
3,"","708",""
3,2,"270",169
3,"","363",""
3,1,"228",169
1,"","853",""
3,2,"196",169
2,"","549",""
1,"","332",""
2,3,"0",169
1,2,"0",169
1,"","256",""
1,2,"77",169
3,"","224",""
3,2,"14511",169
1,"","624",""
1,"","532",""
1,1,"151",169
1,1,"65",169
1,"","318",""
1,"","492",""
1,3,"68",169
1,1,"69",169
1,"","0",""
1,"","506",""
3,"","489",""
3,"","478",""
1,"","567",""
1,3,"14459",169
2,"","953",""
2,"","164",""
3,2,"0",169
1,2,"81",169
3,1,"273",169
1,1,"53",169
2,2,"170",169
2,"","0",""
3,"","144",""
1,"","182",""
3,3,"230",169
2,1,"0",169
1,3,"50",169
4,"","577",""
1,"","851",""
4,"","626",""
4,1,"300",169
1,"","655",""
2,"","0",""
4,1,"472",169
2,2,"151",169
1,3,"38",169
3,"","0",""
1,"","647",""
3,"","409",""
2,"","456",""
1,"","588",""
4,"","883",""
3,1,"239",169
2,1,"255",169
1,2,"61",169
4,"","177",""
4,3,"173",169
2,"","228",""
2,3,"109",169
3,"","1059",""
2,"","229",""
2,2,"82",169
3,"","684",""
2,"","356",""
1,"","403",""
2,3,"125",169
2,"","623",""
3,2,"170",169
1,2,"56",169
2,3,"93",169
3,"","0",""
3,"","-168",""
3,1,"0",169
3,"","681",""
3,2,"198",169
4,"","282",""
1,"","623",""
4,1,"320",169
2,"","717",""
1,1,"118",169
2,"","491",""
2,1,"94",169
2,1,"115",169
2,"","240",""
1,"","325",""
2,"","501",""
2,3,"168",169
2,"","363",""
1,2,"68",169
2,2,"121",169
3,"","601",""
1,"","531",""
3,2,"159",169
1,1,"80",169
4,"","401",""
4,3,"194",169
3,"","362",""
4,"","0",""
3,2,"185",169
2,"","0",""
4,2,"174",169
1,"","949",""
2,2,"95",169
2,"","274",""
3,"","-681",""
3,2,"173",169
2,1,"225",169
3,"","1178",""
1,"","460",""
1,"","1023",""
1,2,"57",169
3,"","0",""
1,"","590",""
3,2,"184",169
3,"","536",""
1,1,"109",169
3,"","613",""
3,2,"0",169
2,"","272",""
2,3,"135",169
4,"","199",""
4,"","144",""
4,3,"332",169
4,2,"194",169
4,"","689",""
4,2,"380",170
2,"","-473",""
2,1,"340",170
4,"","581",""
3,"","452",""
1,"","565",""
3,3,"134",170
3,3,"134",170
4,1,"277",170
2,"","361",""
1,1,"136",170
2,2,"104",170
2,"","543",""
4,"","547",""
4,"","366",""
2,3,"213",170
4,3,"300",170
1,"","241",""
1,3,"48",170
1,"","179",""
4,"","657",""
1,1,"112",170
4,"","701",""
2,"","277",""
2,"","630",""
3,"","687",""
3,"","332",""
2,"","617",""
2,2,"0",170
2,"","569",""
3,"","657",""
2,"","175",""
3,3,"239",170
4,2,"271",170
2,2,"170",170
2,1,"280",170
3,"","226",""
1,"","170",""
3,2,"308",170
2,1,"234",170
2,2,"138",170
4,"","511",""
3,3,"149",170
1,3,"94",170
4,1,"544",170
3,"","660",""
4,"","134",""
4,3,"182",170
3,3,"207",170
3,"","343",""
1,"","812",""
3,1,"432",170
1,"","151",""
1,1,"144",170
3,"","1027",""
3,"","429",""
3,1,"255",170
3,"","666",""
4,"","1115",""
4,"","128",""
3,"","574",""
1,"","582",""
3,3,"224",170
4,1,"401",170
3,"","609",""
1,"","399",""
2,"","542",""
4,"","247",""
3,"","392",""
1,1,"126",170
3,1,"343",170
3,"","308",""
4,1,"293",170
2,3,"147",170
3,1,"342",170
3,2,"187",170
3,"","205",""
4,"","320",""
3,2,"259",170
4,2,"296",170
3,"","611",""
4,"","468",""
3,3,"166",170
4,2,"256",170
4,"","905",""
4,"","541",""
1,"","518",""
4,3,"263",170
1,2,"49",170
4,"","438",""
4,3,"267",170
4,3,"267",170
1,"","609",""
3,"","484",""
1,1,"78",170
3,1,"414",170
1,"","358",""
1,3,"14467",170
3,"","700",""
4,"","0",""
4,"","276",""
3,"","130",""
3,3,"186",170
1,"","210",""
4,3,"395",170
3,2,"238",170
1,3,"50",170
3,"","180",""
3,"","742",""
1,"","1064",""
3,1,"300",170
3,"","203",""
3,2,"102",170
1,"","382",""
1,"","441",""
1,"","579",""
4,"","1070",""
1,1,"83",170
1,1,"83",170
2,"","330",""
1,1,"96",170
4,"","681",""
1,2,"89",170
4,"","424",""
2,2,"146",170
4,"","542",""
4,2,"167",170
4,3,"231",170
4,"","237",""
4,2,"249",170
3,"","696",""
3,"","374",""
2,"","455",""
1,"","608",""
3,3,"230",170
3,1,"272",170
2,2,"94",170
1,1,"60",170
1,"","224",""
1,2,"37",170
4,"","437",""
1,"","319",""
4,3,"159",170
1,2,"45",170
3,"","489",""
2,"","414",""
4,"","512",""
1,"","697",""
3,"","312",""
3,2,"244",170
2,3,"129",170
4,3,"336",170
3,2,"151",170
1,1,"77",170
3,"","715",""
3,"","-994",""
3,"","219",""
3,2,"215",170
3,3,"151",170
3,"","610",""
3,3,"209",170
1,"","339",""
3,"","521",""
1,3,"72",170
1,"","234",""
3,2,"185",170
1,1,"64",170
2,"","707",""
1,"","709",""
3,"","181",""
2,2,"130",170
4,"","0",""
3,3,"133",170
1,1,"109",170
3,"","668",""
4,2,"247",170
3,"","338",""
3,2,"90",170
3,2,"202",170
1,"","520",""
1,"","159",""
3,"","546",""
1,2,"52",170
1,3,"79",170
3,2,"167",170
1,"","383",""
1,2,"41",170
2,"","490",""
2,"","253",""
2,3,"84",170
2,1,"0",170
1,"","663",""
1,"","700",""
4,"","541",""
3,"","487",""
1,2,"40",170
1,3,"52",170
3,"","167",""
4,1,"177",170
3,2,"163",170
3,1,"166",170
1,"","140",""
1,1,"76",170
3,"","160",""
3,3,"151",170
2,"","664",""
2,"","959",""
2,2,"86",176
2,"","507",""
4,"","413",""
1,"","249",""
2,1,"102",176
4,2,"334",176
1,1,"71",176
2,"","356",""
4,"","205",""
2,"","431",""
4,3,"168",176
2,3,"0",176
2,1,"245",176
4,"","1045",""
1,"","0",""
1,"","734",""
1,2,"38",176
1,"","519",""
2,"","208",""
4,"","140",""
4,1,"0",176
4,1,"422",176
2,1,"285",176
1,2,"69",176
4,"","296",""
4,3,"147",176
2,"","231",""
2,1,"198",176
2,"","619",""
1,"","424",""
1,"","739",""
2,3,"82",176
1,"","488",""
1,3,"67",176
1,"","1105",""
4,"","682",""
1,3,"39",176
2,"","955",""
1,"","640",""
4,1,"490",176
2,"","256",""
3,"","684",""
3,"","391",""
2,1,"220",176
1,3,"46",176
3,3,"139",176
3,1,"222",176
2,"","623",""
2,3,"113",176
2,"","349",""
4,"","1124",""
2,2,"0",176
4,"","358",""
4,3,"342",176
3,"","175",""
3,2,"0",176
4,"","355",""
2,"","147",""
2,"","989",""
4,2,"0",176
2,3,"149",176
2,"","658",""
2,"","123",""
2,"","324",""
3,"","538",""
2,1,"0",176
2,2,"81",176
2,3,"133",176
3,1,"346",176
3,"","485",""
3,"","367",""
3,2,"153",176
3,"","646",""
3,"","347",""
4,"","713",""
3,3,"155",176
2,"","1075",""
4,3,"202",176
2,"","0",""
3,"","615",""
2,"","377",""
2,1,"232",176
3,"","568",""
2,"","1093",""
2,3,"77",176
1,"","267",""
3,1,"309",176
1,3,"0",176
2,"","287",""
2,3,"75",176
2,"","482",""
2,"","432",""
2,1,"230",176
2,2,"127",176
3,"","221",""
3,3,"145",176
2,"","1062",""
2,"","266",""
1,"","563",""
2,1,"153",176
1,1,"-125",176
4,"","217",""
3,"","690",""
4,2,"174",176
3,2,"118",176
2,"","697",""
3,"","323",""
3,1,"142",176
2,3,"129",176
4,"","542",""
4,"","767",""
4,3,"235",176
4,"","581",""
4,3,"0",176
3,"","696",""
2,"","908",""
2,"","310",""
3,2,"231",176
2,3,"146",176
2,"","408",""
2,2,"0",176
3,"","248",""
2,"","386",""
4,"","462",""
1,"","696",""
3,2,"210",176
2,2,"131",176
4,2,"14538",176
3,"","698",""
1,1,"87",176
2,"","715",""
3,"","180",""
3,3,"130",176
2,2,"120",176
4,"","220",""
2,"","405",""
4,3,"274",176
2,1,"194",176
2,"","687",""
2,3,"142",176
3,"","613",""
1,"","280",""
1,3,"35",176
3,2,"185",176
2,"","764",""
2,"","262",""
2,2,"0",176
1,"","386",""
4,"","287",""
1,2,"54",176
4,1,"424",176
2,"","171",""
2,3,"14547",176
3,"","923",""
3,"","348",""
3,3,"165",176
3,"","929",""
4,"","596",""
4,"","348",""
3,"","137",""
3,3,"158",176
4,2,"0",176
4,"","128",""
4,3,"298",176
4,"","245",""
4,1,"367",176
1,"","469",""
1,2,"66",176
1,"","355",""
1,1,"117",175
4,"","0",""
4,"","577",""
4,2,"356",175
4,"","148",""
4,2,"410",175
1,"","676",""
3,"","760",""
1,"","202",""
1,3,"0",175
3,"","171",""
1,2,"43",175
3,3,"192",175
4,"","458",""
4,2,"212",175
3,"","0",""
3,1,"280",175
3,"","396",""
3,"","1127",""
3,3,"156",175
3,"","223",""
1,"","654",""
3,2,"180",175
1,3,"51",175
1,"","153",""
3,"","252",""
1,"","649",""
1,1,"95",175
3,2,"14548",175
4,"","198",""
1,1,"110",175
4,3,"254",175
4,"","471",""
3,"","201",""
4,2,"277",175
3,2,"243",175
2,"","540",""
2,2,"159",175
1,"","201",""
1,1,"92",175
3,"","668",""
1,"","229",""
1,"","440",""
3,"","192",""
1,2,"30",175
2,"","282",""
3,"","718",""
1,3,"63",175
3,1,"272",175
2,"","474",""
2,3,"92",175
2,1,"211",175
3,1,"444",175
3,"","258",""
3,3,"-207",175
2,"","502",""
1,"","609",""
4,"","574",""
2,3,"176",175
1,1,"83",175
4,3,"345",175
2,"","681",""
3,"","1016",""
2,3,"107",175
3,"","365",""
3,1,"347",175
2,"","541",""
2,"","172",""
3,"","703",""
1,"","728",""
2,1,"189",175
2,1,"357",175
3,"","290",""
4,"","0",""
3,"","437",""
1,"","136",""
3,"","520",""
1,"","622",""
3,1,"305",175
1,3,"54",175
4,3,"179",175
3,2,"125",175
3,2,"209",175
1,3,"41",175
2,"","523",""
2,3,"147",175
4,"","240",""
1,"","598",""
4,2,"321",175
2,"","216",""
1,"","203",""
2,2,"116",175
1,1,"61",175
1,"","513",""
4,"","621",""
4,"","887",""
1,1,"84",175
2,"","1144",""
3,"","697",""
4,"","425",""
4,1,"331",175
4,3,"226",175
2,"","448",""
3,2,"217",175
2,2,"143",175
1,"","682",""
2,"","269",""
1,"","452",""
2,1,"190",175
1,2,"49",175
1,3,"57",175
2,"","368",""
2,2,"116",175
4,"","994",""
4,"","222",""
1,"","698",""
2,"","373",""
4,1,"201",175
2,2,"63",175
4,"","432",""
3,"","167",""
1,2,"50",175
3,3,"0",175
4,"","351",""
4,3,"278",175
4,2,"91",175
1,"","512",""
1,1,"76",175
2,"","603",""
2,"","134",""
1,"","420",""
2,"","1013",""
4,"","656",""
2,3,"87",175
1,2,"0",175
4,2,"151",175
2,"","646",""
2,"","184",""
2,1,"144",175
2,3,"64",175
2,"","167",""
2,3,"91",175
4,"","408",""
4,1,"319",175
2,"","709",""
4,"","278",""
4,1,"0",175
2,"","362",""
2,1,"144",175
2,3,"106",175
4,"","464",""
4,3,"315",175
4,"","587",""
2,"","668",""
2,"","284",""
4,"","714",""
4,2,"363",175
2,1,"216",175
4,"","507",""
4,1,"355",175
4,2,"231",175
4,"","290",""
3,"","144",""
4,1,"450",175
3,1,"270",175
2,"","216",""
1,"","338",""
2,2,"186",175
1,2,"38",175
1,"","1002",""
3,"","249",""
4,"","147",""
3,"","564",""
4,2,"128",175
3,2,"117",175
1,"","144",""
3,"","125",""
4,"","214",""
1,3,"0",175
3,3,"213",175
4,3,"304",175
3,"","583",""
3,3,"337",175
2,"","328",""
4,"","623",""
2,"","330",""
2,1,"199",175
2,1,"266",175
4,1,"478",175
2,"","131",""
2,1,"191",175
1,"","181",""
1,"","373",""
1,3,"74",175
1,2,"107",175
4,"","414",""
1,"","348",""
4,2,"320",175
1,"","406",""
1,1,"106",175
1,1,"86",175
1,"","368",""
4,"","0",""
1,1,"77",175
4,1,"404",175
3,"","882",""
4,"","453",""
3,"","460",""
4,3,"244",175
3,2,"0",175
3,"","400",""
4,"","164",""
2,"","0",""
3,1,"242",175
4,1,"305",175
2,3,"118",175
1,"","1090",""
3,"","469",""
3,1,"359",175
1,"","251",""
1,3,"69",175
1,"","0",""
3,"","548",""
1,1,"82",175
3,1,"205",175
3,"","730",""
4,"","142",""
3,"","461",""
2,"","601",""
4,1,"374",175
3,1,"14738",175
2,1,"254",175
2,"","715",""
2,"","756",""
2,3,"118",175
2,"","452",""
2,3,"209",175
3,"","1056",""
1,"","159",""
3,"","537",""
1,3,"84",175
1,"","455",""
4,"","522",""
3,"","540",""
3,2,"119",175
1,3,"66",175
4,2,"211",175
3,2,"134",175
4,"","585",""
4,"","477",""
4,2,"281",175
3,"","494",""
1,"","710",""
3,1,"302",175
1,2,"65",175
2,"","1168",""
2,"","465",""
2,3,"14497",175
3,"","211",""
3,2,"137",175
4,"","141",""
4,2,"91",175
2,"","569",""
3,"","889",""
2,1,"174",175
4,"","0",""
3,"","0",""
3,"","400",""
3,1,"156",175
4,"","219",""
3,3,"0",175
4,3,"297",175
3,"","577",""
4,2,"189",175
1,"","0",""
2,"","615",""
4,"","323",""
4,"","476",""
3,2,"240",175
4,2,"304",175
1,"","464",""
2,3,"90",175
4,2,"297",175
1,3,"47",175
4,"","199",""
4,2,"250",175
4,"","185",""
4,1,"348",175
1,"","716",""
4,"","395",""
1,"","219",""
4,2,"304",175
1,1,"64",175
3,"","1102",""
2,"","361",""
2,"","357",""
1,"","182",""
2,2,"86",175
3,"","515",""
1,3,"60",175
2,1,"263",175
2,"","619",""
1,"","796",""
3,2,"208",175
1,"","380",""
2,2,"129",175
1,3,"38",175
4,"","205",""
4,"","351",""
4,2,"291",175
4,1,"403",175
4,"","255",""
1,"","170",""
4,1,"346",175
1,1,"100",175
2,"","128",""
3,"","197",""
2,3,"108",180
3,2,"207",180
2,"","673",""
1,"","461",""
2,3,"111",180
1,3,"107",180
2,"","902",""
1,"","473",""
2,"","468",""
1,2,"108",180
2,2,"158",180
3,"","242",""
3,"","827",""
3,"","258",""
3,2,"159",180
2,"","749",""
3,"","497",""
3,3,"117",180
2,"","554",""
2,"","714",""
3,3,"150",180
2,2,"0",180
4,"","426",""
2,1,"242",180
4,1,"305",180
2,"","178",""
3,"","639",""
2,3,"136",180
4,"","347",""
3,3,"213",180
4,3,"164",180
1,"","868",""
1,"","579",""
1,"","321",""
4,"","664",""
1,"","0",""
1,3,"108",180
1,3,"38",180
4,"","498",""
1,2,"46",180
2,"","669",""
1,"","682",""
3,"","641",""
4,3,"389",180
1,"","160",""
1,"","199",""
1,1,"137",180
2,2,"123",180
1,3,"74",180
3,2,"231",180
3,"","708",""
1,3,"82",180
3,"","361",""
3,"","131",""
3,3,"169",180
3,2,"124",180
4,"","694",""
4,"","0",""
4,"","302",""
4,"","376",""
3,"","1016",""
4,3,"386",180
2,"","253",""
4,2,"268",180
4,"","226",""
2,"","442",""
4,2,"325",180
2,2,"100",180
4,2,"422",180
3,"","640",""
2,2,"139",180
3,"","350",""
3,3,"164",180
1,"","970",""
3,1,"405",180
4,"","502",""
1,"","363",""
4,"","361",""
3,"","0",""
1,3,"67",180
4,1,"-303",180
4,2,"322",180
3,1,"186",180
4,"","588",""
3,"","1006",""
2,"","204",""
2,2,"129",180
1,"","1135",""
4,3,"297",180
3,"","657",""
2,"","774",""
1,"","630",""
3,1,"419",180
2,"","444",""
2,3,"133",180
1,1,"72",180
2,"","656",""
2,1,"306",180
2,"","152",""
2,2,"117",180
4,"","768",""
4,"","128",""
4,1,"285",180
2,"","331",""
2,2,"119",180
2,"","135",""
2,3,"101",180
3,"","718",""
3,"","310",""
3,2,"233",180
3,2,"233",180
1,"","316",""
4,"","719",""
1,1,"120",180
4,"","220",""
4,1,"465",180
1,"","637",""
2,"","259",""
3,"","521",""
2,1,"93",180
1,"","224",""
1,3,"48",180
2,"","278",""
1,3,"55",180
3,2,"131",180
2,3,"148",180
2,"","263",""
1,"","220",""
3,"","223",""
2,2,"76",180
1,1,"100",180
3,3,"223",180
1,"","411",""
1,3,"65",180
4,"","510",""
1,"","613",""
4,"","549",""
4,1,"436",180
1,1,"103",180
4,1,"349",180
4,"","492",""
4,"","14617",""
4,2,"300",180
3,"","505",""
3,3,"220",180
1,"","169",""
1,3,"39",180
4,"","326",""
4,3,"205",180
1,"","974",""
3,"","356",""
3,2,"170",180
1,"","276",""
1,3,"83",180
2,"","196",""
1,"","0",""
2,"","614",""
2,2,"60",180
1,"","343",""
2,"","219",""
2,"","0",""
2,3,"128",180
1,3,"-71945",180
2,"","709",""
2,"","417",""
1,"","826",""
2,"","268",""
2,2,"72",180
2,3,"119",180
2,1,"149",180
3,"","296",""
1,"","304",""
4,"","1029",""
3,1,"188",180
1,"","467",""
1,3,"44",180
4,"","428",""
1,"","657",""
1,3,"64",180
4,3,"124",180
1,1,"124",180
1,"","376",""
4,"","0",""
2,"","248",""
1,1,"0",180
1,"","961",""
1,"","184",""
3,"","263",""
4,2,"197",180
2,3,"92",180
1,2,"0",180
3,1,"168",180
2,"","698",""
1,"","508",""
1,1,"74",180
2,2,"130",180
2,"","570",""
2,2,"-88",180
2,"","877",""
3,"","591",""
3,"","750",""
3,"","715",""
2,"","659",""
3,"","177",""
4,"","0",""
3,1,"312",177
3,3,"0",177
2,"","405",""
3,1,"356",177
4,2,"14692",177
2,3,"176",177
2,2,"147",177
2,"","405",""
3,"","633",""
2,3,"98",177
3,1,"294",177
2,"","360",""
2,3,"108",177
2,"","593",""
1,"","914",""
1,"","772",""
2,1,"236",177
1,"","654",""
1,"","301",""
1,3,"39",177
1,3,"42",177
3,"","573",""
4,"","337",""
3,"","568",""
4,2,"315",177
3,3,"140",177
3,"","612",""
3,1,"264",177
4,"","969",""
1,"","661",""
1,"","0",""
4,"","206",""
3,"","201",""
4,3,"309",177
3,3,"282",177
4,"","559",""
1,3,"87",177
4,"","229",""
4,1,"394",177
2,"","499",""
2,"","653",""
4,"","436",""
2,2,"102",177
4,2,"353",177
1,"","318",""
1,2,"75",177
2,"","407",""
1,"","509",""
2,2,"100",177
1,1,"60",177
2,"","664",""
1,"","432",""
2,3,"160",177
2,"","142",""
1,2,"56",177
2,3,"96",177
4,"","979",""
1,"","125",""
1,3,"93",177
4,"","558",""
4,"","670",""
1,"","331",""
4,2,"228",177
1,1,"71",177
4,3,"183",177
1,"","499",""
1,"","207",""
4,"","0",""
3,"","349",""
1,3,"78",177
1,3,"66",177
4,"","0",""
3,"","551",""
3,1,"276",177
4,2,"342",177
3,2,"138",177
1,"","666",""
1,3,"88",177
3,"","0",""
1,"","416",""
1,3,"61",177
3,"","270",""
2,"","263",""
3,3,"164",177
2,2,"99",177
1,"","524",""
1,"","651",""
4,"","150",""
1,3,"45",177
4,3,"315",177
1,2,"61",177
3,"","146",""
3,1,"14623",177
1,"","946",""
2,"","923",""
3,"","1061",""
3,"","778",""
1,"","576",""
2,"","433",""
3,"","703",""
3,"","0",""
1,3,"47",177
3,1,"253",177
2,2,"14501",177
3,3,"227",177
2,"","586",""
1,"","223",""
2,2,"61",177
1,2,"64",177
3,"","0",""
2,"","519",""
3,"","210",""
3,1,"319",177
2,1,"125",177
3,2,"193",177
2,"","622",""
2,"","286",""
1,"","186",""
2,3,"63",177
2,1,"213",177
1,1,"66",177
4,"","225",""
1,"","256",""
4,1,"226",177
1,1,"80",177
2,"","-364",""
1,"","161",""
2,1,"187",177
1,1,"49",177
1,"","174",""
1,"","654",""
2,"","439",""
3,"","242",""
3,"","522",""
1,3,"42",177
3,3,"141",177
2,1,"276",177
1,2,"53",177
3,3,"239",177
3,"","585",""
3,2,"117",177
1,"","567",""
3,"","124",""
3,1,"276",177
1,2,"26",177
2,"","471",""
1,"","551",""
2,"","701",""
2,1,"100",177
2,"","345",""
2,"","679",""
1,1,"101",177
2,3,"71",177
2,2,"93",177
2,1,"250",177
2,"","394",""
3,"","240",""
2,3,"77",177
3,2,"107",177
1,"","593",""
1,1,"52",177
4,"","140",""
4,1,"457",177
4,"","269",""
4,1,"280",177
1,"","324",""
1,3,"59",177
4,"","123",""
4,1,"342",177
3,"","275",""
4,"","513",""
3,2,"147",177
4,3,"126",177
1,"","363",""
1,3,"56",177
3,"","1034",""
3,"","302",""
3,1,"169",175
3,"","800",""
2,"","439",""
3,"","406",""
4,"","535",""
1,"","444",""
2,1,"272",175
3,"","333",""
3,"","448",""
3,3,"213",175
1,3,"0",175
3,3,"191",175
4,3,"234",175
3,1,"382",175
3,"","459",""
3,"","438",""
3,2,"125",175
3,2,"263",175
4,"","955",""
3,"","269",""
4,"","-632",""
4,1,"398",175
3,2,"154",175
1,"","740",""
3,"","150",""
1,"","276",""
3,3,"199",175
1,"","136",""
1,"","202",""
1,1,"0",175
2,"","373",""
2,"","0",""
1,2,"76",175
1,1,"80",175
2,"","142",""
2,2,"103",175
2,3,"118",175
2,2,"112",175
1,"","626",""
3,"","262",""
3,3,"257",175
3,"","379",""
1,3,"97",175
3,1,"278",175
1,"","245",""
2,"","0",""
1,1,"51",175
2,"","355",""
2,2,"171",175
1,"","520",""
1,1,"0",175
2,"","624",""
2,2,"162",175
3,"","423",""
4,"","616",""
3,3,"157",175
4,1,"512",175
3,"","467",""
3,3,"180",175
1,"","717",""
1,"","375",""
1,3,"92",175
2,"","634",""
2,"","0",""
2,2,"170",175
2,2,"84",175
2,"","511",""
2,2,"170",175
4,"","641",""
2,"","134",""
4,2,"217",175
2,2,"173",175
3,"","400",""
1,"","173",""
3,2,"191",175
3,"","535",""
1,3,"53",175
2,"","636",""
4,"","536",""
3,3,"197",175
4,"","411",""
2,3,"148",175
4,1,"415",175
4,"","645",""
3,"","370",""
4,2,"272",175
3,1,"390",175
2,"","715",""
1,"","402",""
2,1,"213",175
4,"","229",""
1,3,"39",175
2,"","825",""
4,2,"254",175
2,"","650",""
4,"","431",""
4,3,"280",175
2,1,"0",175
1,"","511",""
3,"","553",""
4,"","262",""
1,1,"81",175
4,1,"194",175
3,2,"225",175
3,"","184",""
3,1,"146",175
1,"","551",""
1,"","716",""
1,3,"54",175
1,"","237",""
1,1,"112",175
2,"","189",""
1,3,"37",175
2,1,"108",175
1,"","488",""
1,1,"48",175
4,"","240",""
4,3,"304",175
4,"","574",""
4,"","349",""
4,"","606",""
4,2,"242",175
4,2,"256",175
4,2,"186",175
4,"","692",""
2,"","194",""
4,"","694",""
2,2,"136",175
4,2,"178",175
1,"","142",""
4,"","211",""
1,3,"45",175
4,1,"237",175
4,"","469",""
1,"","323",""
1,1,"61",175
4,2,"297",175
2,"","621",""
4,"","0",""
2,2,"0",175
4,1,"520",175
2,"","393",""
2,2,"157",175
3,"","876",""
3,"","211",""
3,"","593",""
3,3,"218",175
1,"","0",""
3,3,"99",175
4,"","671",""
1,3,"64",175
3,"","1044",""
4,2,"134",175
3,"","576",""
2,"","0",""
2,2,"68",175
1,"","714",""
3,"","491",""
3,2,"174",175
1,"","351",""
3,2,"188",175
2,"","368",""
1,1,"105",175
2,3,"134",175
3,"","1039",""
3,"","227",""
3,1,"311",175
4,"","1007",""
3,"","463",""
2,"","352",""
1,"","316",""
4,"","134",""
3,3,"169",175
2,2,"103",175
4,3,"103",175
1,1,"71",175
4,"","373",""
1,"","466",""
4,3,"209",175
1,1,"126",175
2,"","521",""
4,"","347",""
2,3,"132",175
4,"","540",""
4,3,"136",175
4,3,"171",175
2,"","587",""
2,"","485",""
3,"","448",""
2,1,"162",175
3,"","702",""
3,2,"96",175
2,"","548",""
3,3,"248",175
2,3,"151",175
2,"","288",""
3,"","1088",""
2,3,"0",175
1,"","1016",""
3,"","560",""
1,"","132",""
3,1,"304",175
3,"","651",""
1,2,"42",175
3,"","703",""
4,"","704",""
3,2,"218",175
4,3,"217",175
3,"","509",""
3,"","519",""
3,"","637",""
1,"","148",""
3,1,"222",175
3,2,"151",175
1,1,"132",175
4,"","388",""
2,"","1142",""
4,"","646",""
4,3,"221",175
4,"","450",""
2,"","280",""
4,3,"276",175
3,"","518",""
2,2,"103",175
1,"","163",""
3,2,"137",175
4,"","173",""
1,2,"69",175
4,1,"545",175
2,"","573",""
1,"","981",""
1,"","469",""
2,2,"102",175
1,"","707",""
1,1,"121",175
1,3,"112",175
1,"","746",""
4,"","200",""
4,1,"514",175
1,"","124",""
4,"","566",""
1,"","901",""
1,3,"78",175
3,"","451",""
4,"","253",""
1,"","490",""
4,1,"264",175
4,2,"387",175
3,1,"259",175
4,"","955",""
2,"","125",""
1,2,"84",175
2,1,"204",175
4,"","655",""
4,"","155",""
4,2,"0",175
1,"","809",""
4,2,"141",175
1,"","633",""
3,"","433",""
3,1,"291",175
1,3,"0",175
4,"","426",""
4,2,"390",175
3,"","247",""
3,"","387",""
4,"","320",""
3,3,"231",175
4,"","265",""
1,"","814",""
3,2,"199",175
4,1,"283",175
4,2,"137",175
1,"","468",""
1,"","420",""
1,1,"143",175
1,2,"52",175
1,"","851",""
3,"","308",""
1,"","263",""
3,3,"157",175
1,3,"48",175
4,"","423",""
1,"","237",""
1,"","685",""
1,1,"0",175
4,3,"174",175
1,3,"75",175
3,"","1066",""
3,"","281",""
4,"","630",""
4,"","0",""
4,"","301",""
3,2,"0",175
2,"","644",""
4,2,"306",175
4,3,"221",175
2,3,"108",175
2,"","302",""
4,"","804",""
2,2,"74",175
4,"","447",""
4,2,"149",175
4,"","507",""
4,"","312",""
4,"","564",""
4,1,"237",175
4,"","523",""
4,1,"308",175
3,"","143",""
4,3,"146",175
3,2,"86",175
4,"","242",""
4,3,"303",175
2,"","546",""
2,3,"128",175
1,"","592",""
1,"","736",""
3,"","691",""
1,"","764",""
3,"","141",""
1,"","0",""
2,"","493",""
1,"","623",""
1,1,"82",175
4,"","295",""
3,2,"175",175
1,2,"56",175
4,1,"271",175
2,2,"65",175
1,"","946",""
1,3,"61",175
1,"","706",""
1,2,"43",175
1,"","545",""
4,"","316",""
1,1,"76",175
4,3,"222",175
4,"","487",""
4,3,"185",175
3,"","438",""
3,"","486",""
3,"","668",""
3,3,"190",175
3,3,"212",175
3,3,"211",175
2,"","318",""
2,3,"137",175
4,"","228",""
4,2,"298",175
2,"","558",""
2,3,"140",175
2,"","796",""
2,"","449",""
1,"","843",""
4,"","564",""
2,1,"247",175
1,"","265",""
4,3,"260",175
3,"","206",""
1,3,"56",175
3,3,"189",175
4,"","318",""
4,1,"274",176
3,"","930",""
2,"","796",""
3,"","380",""
2,"","533",""
3,3,"261",176
2,3,"151",176
3,"","621",""
3,2,"194",176
2,"","419",""
2,"","952",""
2,1,"232",176
3,"","178",""
2,"","175",""
3,3,"242",176
2,"","466",""
2,2,"111",176
2,1,"240",176
4,"","400",""
4,3,"262",176
1,"","761",""
4,"","448",""
1,"","315",""
4,3,"180",176
1,3,"0",176
4,"","662",""
3,"","0",""
1,"","0",""
1,2,"55",176
3,"","646",""
4,2,"337",176
2,"","257",""
3,1,"215",176
2,3,"0",176
2,"","531",""
2,"","593",""
2,2,"137",176
3,"","583",""
3,"","650",""
2,"","523",""
3,3,"130",176
4,"","162",""
3,3,"208",176
3,"","449",""
2,2,"146",176
4,2,"356",176
3,3,"223",176
3,"","645",""
3,3,"105",176
1,"","665",""
1,"","1079",""
4,"","262",""
1,"","0",""
1,3,"68",176
1,"","245",""
4,1,"267",176
1,3,"58",176
1,3,"0",176
4,"","417",""
4,"","400",""
4,3,"298",176
4,2,"284",176
4,"","552",""
4,3,"0",176
2,"","564",""
2,"","-979",""
4,"","509",""
2,1,"202",176
3,"","0",""
4,3,"313",176
4,"","275",""
3,1,"371",176
3,"","0",""
4,"","0",""
4,2,"165",176
3,"","536",""
4,"","15082",""
3,3,"116",176
4,2,"343",176
3,"","432",""
3,1,"268",176
4,"","594",""
4,2,"248",176
1,"","794",""
4,"","698",""
1,"","233",""
4,"","548",""
1,1,"99",176
4,2,"293",176
4,2,"293",176
4,3,"160",176
4,3,"160",176
3,"","690",""
3,"","884",""
3,"","557",""
1,"","1000",""
4,"","493",""
3,"","526",""
3,1,"202",176
3,"","425",""
3,"","269",""
4,1,"365",176
1,"","346",""
1,"","615",""
3,2,"197",176
3,1,"214",176
3,1,"341",176
1,3,"42",176
2,"","607",""
1,3,"65",176
2,"","243",""
2,1,"160",176
1,"","319",""
1,2,"53",176
3,"","153",""
3,1,"196",176
1,"","138",""
1,1,"88",176
4,"","662",""
4,3,"257",176
4,"","180",""
4,3,"105",176
2,"","433",""
2,1,"201",176
1,"","718",""
1,3,"48",176
3,"","495",""
3,1,"347",176
4,"","154",""
4,1,"261",176
2,"","525",""
3,"","0",""
2,3,"127",176
3,3,"112",176
1,"","203",""
1,1,"92",176
1,"","611",""
1,"","1137",""
1,"","212",""
3,"","177",""
1,3,"0",176
3,1,"148",176
1,"","263",""
1,1,"99",176
1,"","431",""
4,"","465",""
1,3,"63",176
4,1,"504",176
2,"","278",""
3,"","350",""
1,"","423",""
2,1,"220",176
3,3,"147",176
3,"","479",""
1,2,"69",176
3,3,"160",176
1,"","253",""
1,"","523",""
1,2,"52",176
1,1,"0",176
1,"","397",""
1,1,"64",176
3,"","0",""
1,"","690",""
4,"","269",""
3,1,"352",176
1,"","988",""
4,3,"290",176
1,3,"120",176
1,"","678",""
2,"","274",""
2,"","467",""
3,"","0",""
1,1,"109",176
2,1,"191",176
3,3,"230",176
2,3,"208",176
1,"","666",""
1,"","273",""
1,2,"74",176
2,"","399",""
1,"","280",""
2,3,"125",176
1,2,"85",176
4,"","644",""
3,"","674",""
4,"","538",""
1,"","0",""
3,"","561",""
4,3,"280",176
4,1,"429",176
1,"","690",""
3,3,"177",176
1,"","131",""
3,"","510",""
1,2,"90",176
1,1,"121",176
3,2,"130",176
2,"","130",""
1,"","239",""
2,1,"160",176
1,3,"59",176
4,"","0",""
4,1,"433",176
4,"","397",""
4,2,"291",176
2,"","676",""
2,"","654",""
1,"","478",""
3,"","661",""
2,"","663",""
1,"","304",""
1,"","645",""
1,"","348",""
2,1,"161",176
1,3,"103",176
3,2,"147",176
2,2,"80",176
1,3,"75",176
1,1,"103",176
2,"","514",""
2,2,"221",176
1,"","570",""
3,"","406",""
1,"","151",""
3,"","670",""
1,1,"143",176
3,"","724",""
3,2,"176",176
3,"","0",""
3,"","367",""
2,"","209",""
3,"","548",""
1,"","130",""
3,3,"194",176
2,2,"90",176
1,2,"79",176
3,3,"241",176
2,"","213",""
3,3,"291",176
2,1,"0",176
4,"","1153",""
3,"","228",""
3,"","572",""
3,2,"212",176
4,"","277",""
3,2,"101",176
4,2,"291",176
4,"","280",""
3,"","591",""
4,2,"176",176
1,"","931",""
3,3,"217",176
1,"","647",""
2,"","333",""
1,3,"42",176
2,2,"104",176
3,"","662",""
2,"","503",""
3,"","673",""
2,"","274",""
1,"","378",""
3,"","494",""
3,"","0",""
2,2,"98",176
3,1,"269",176
3,"","222",""
1,3,"78",176
3,2,"129",176
4,"","641",""
3,1,"331",176
4,2,"184",176
2,"","837",""
3,"","0",""
2,"","550",""
3,3,"198",176
4,"","562",""
4,"","692",""
2,"","555",""
2,2,"58",176
4,1,"301",176
1,"","1089",""
2,2,"14533",176
4,3,"161",176
2,"","0",""
3,"","680",""
1,"","602",""
3,"","659",""
1,"","295",""
2,3,"104",176
1,3,"29",176
3,"","837",""
1,1,"91",176
2,"","161",""
3,1,"295",176
3,3,"195",176
2,1,"124",176
3,"","319",""
3,3,"110",176
3,"","279",""
3,2,"120",176
3,"","0",""
4,"","273",""
3,"","257",""
4,3,"254",176
3,"","560",""
3,3,"153",176
3,3,"0",176
3,"","625",""
4,"","792",""
3,2,"228",176
4,"","158",""
4,3,"194",176
2,"","881",""
4,"","204",""
1,"","314",""
4,2,"225",176
2,"","214",""
1,1,"144",176
2,3,"66",176
3,"","1036",""
3,"","277",""
3,3,"161",176
3,"","610",""
3,3,"127",176
1,"","1136",""
4,"","0",""
1,"","186",""
4,3,"262",176
4,"","234",""
1,1,"0",176
4,3,"283",176
2,"","219",""
1,"","922",""
2,"","299",""
2,3,"120",176
1,"","302",""
2,1,"170",176
2,"","166",""
1,2,"51",176
4,"","692",""
3,"","645",""
2,2,"102",176
2,"","710",""
3,1,"181",176
4,3,"133",176
2,2,"130",176
2,"","348",""
4,"","1075",""
2,2,"106",176
2,"","662",""
4,"","121",""
1,"","385",""
4,1,"396",176
2,3,"110",176
1,1,"120",176
3,"","303",""
1,"","-71468",""
3,1,"320",176
1,3,"40",176
2,"","403",""
3,"","279",""
4,"","324",""
3,1,"231",176
2,"","848",""
2,3,"0",176
4,3,"173",176
2,"","610",""
2,"","549",""
1,"","182",""
2,3,"133",176
2,3,"89",176
2,"","130",""
1,2,"67",176
2,1,"223",176
4,"","0",""
4,2,"150",175
3,"","183",""
4,"","451",""
3,2,"107",175
2,"","676",""
4,"","701",""
4,1,"342",175
2,3,"145",175
4,3,"197",175
3,"","253",""
4,"","216",""
1,"","168",""
3,3,"268",175
4,3,"358",175
1,2,"101",175
1,"","548",""
1,3,"65",175
4,"","719",""
4,"","258",""
4,1,"521",175
4,"","0",""
4,3,"408",175
3,"","464",""
4,"","212",""
1,"","462",""
4,2,"342",175
1,"","501",""
3,1,"310",175
3,"","446",""
1,3,"69",175
1,2,"92",175
3,3,"148",175
2,"","302",""
2,2,"112",175
4,"","464",""
4,"","344",""
4,1,"296",175
4,2,"152",175
3,"","0",""
3,"","0",""
4,"","180",""
3,3,"222",175
4,2,"192",175
3,2,"191",175
1,"","589",""
2,"","198",""
1,"","429",""
1,2,"51",175
2,2,"0",175
1,1,"95",175
1,"","367",""
3,"","331",""
1,3,"45",175
3,3,"254",175
2,"","574",""
3,"","480",""
3,3,"264",175
2,3,"158",175
2,"","437",""
2,1,"221",175
4,"","264",""
4,"","416",""
4,2,"168",175
4,2,"288",175
4,"","616",""
4,3,"314",175
3,"","411",""
4,"","297",""
1,"","1095",""
3,2,"225",175
4,3,"14747",175
1,"","142",""
4,"","750",""
1,3,"78",175
4,"","511",""
2,"","306",""
4,3,"185",175
3,"","673",""
2,3,"133",175
3,1,"243",175
2,"","183",""
2,2,"120",175
4,"","0",""
4,1,"314",175
2,"","481",""
4,"","200",""
1,"","321",""
2,"","0",""
2,1,"140",175
4,2,"349",175
1,1,"117",175
2,"","156",""
2,2,"144",175
2,1,"211",175
1,"","340",""
1,2,"79",175
2,"","359",""
4,"","171",""
4,1,"359",175
2,"","611",""
2,3,"107",175
2,1,"187",175
2,"","981",""
2,"","152",""
2,1,"146",175
4,"","450",""
4,"","397",""
4,3,"255",175
4,2,"232",175
3,"","451",""
4,"","518",""
3,1,"347",175
4,3,"151",175
2,"","0",""
2,1,"109",175
2,"","221",""
2,3,"0",175
2,"","653",""
3,"","173",""
1,"","549",""
3,2,"172",175
1,"","288",""
2,3,"139",175
1,1,"110",175
2,"","488",""
2,1,"124",175
2,"","211",""
2,1,"154",175
4,"","820",""
3,"","636",""
4,"","374",""
4,3,"248",175
3,3,"156",175
3,"","297",""
3,3,"196",175
2,"","233",""
2,2,"75",175
2,"","632",""
2,"","237",""
2,3,"150",175
2,3,"135",175
2,"","873",""
2,"","636",""
4,"","685",""
2,"","464",""
2,2,"62",175
4,"","1022",""
4,1,"209",175
1,"","215",""
2,2,"88",175
1,2,"72",175
3,"","385",""
2,"","672",""
4,"","245",""
2,"","645",""
3,2,"172",175
4,2,"242",175
2,1,"188",175
1,"","679",""
2,2,"0",175
2,"","644",""
1,"","701",""
2,3,"-71904",175
1,1,"0",175
4,"","954",""
2,"","431",""
2,"","376",""
4,"","311",""
4,"","681",""
2,1,"0",176
2,2,"123",176
4,1,"485",176
4,"","706",""
2,"","667",""
2,"","205",""
2,1,"262",176
4,3,"139",176
3,"","268",""
2,2,"137",176
3,3,"230",176
2,"","922",""
2,"","690",""
4,"","570",""
2,2,"62",176
4,1,"442",176
3,"","281",""
4,"","202",""
4,"","543",""
3,3,"221",176
4,1,"335",176
4,"","325",""
3,"","1019",""
4,2,"170",176
1,"","655",""
1,"","605",""
3,"","474",""
3,"","678",""
1,1,"110",176
1,"","299",""
3,1,"360",176
1,1,"68",176
3,"","713",""
3,1,"328",176
1,2,"78",176
4,"","394",""
4,3,"211",176
3,1,"330",176
2,"","219",""
2,2,"89",176
4,"","664",""
3,"","321",""
3,3,"148",176
4,1,"466",176
3,"","623",""
4,"","404",""
1,"","813",""
3,"","715",""
3,"","556",""
1,"","680",""
2,"","266",""
4,1,"357",176
3,"","497",""
1,"","618",""
2,2,"80",176
3,3,"258",176
1,"","396",""
2,"","717",""
3,2,"251",176
1,2,"79",176
3,"","333",""
1,2,"59",176
2,2,"158",176
3,2,"122",176
2,"","679",""
3,"","673",""
4,"","122",""
2,1,"259",176
4,2,"211",176
3,3,"170",176
4,"","328",""
3,"","1108",""
4,3,"310",176
3,"","885",""
3,"","126",""
3,3,"182",176
3,"","460",""
3,1,"381",176
3,"","661",""
4,"","0",""
3,2,"176",176
4,"","745",""
4,2,"151",176
4,"","552",""
4,3,"0",176
1,"","466",""
1,1,"76",176
4,"","687",""
1,"","695",""
4,"","599",""
4,2,"170",176
1,3,"63",176
4,1,"426",176
1,"","405",""
3,"","429",""
1,2,"36",176
3,1,"383",176
1,"","634",""
1,3,"92",176
2,"","1150",""
1,"","684",""
2,"","382",""
1,"","583",""
2,1,"231",176
3,"","125",""
3,"","829",""
2,"","520",""
1,2,"69",176
1,3,"49",176
3,3,"220",176
1,"","618",""
3,"","640",""
2,3,"139",176
1,2,"47",176
3,3,"192",176
1,"","162",""
1,1,"74",176
2,"","713",""
3,"","153",""
2,1,"138",176
2,"","646",""
3,1,"322",176
3,"","661",""
2,3,"77",176
1,"","618",""
3,1,"0",176
1,"","230",""
1,"","385",""
1,3,"49",176
1,2,"36",176
1,"","0",""
2,"","629",""
1,"","236",""
1,1,"125",176
1,2,"14445",176
2,3,"114",176
3,"","-480",""
2,"","537",""
3,2,"253",176
2,1,"200",176
3,"","615",""
3,1,"249",176
2,"","497",""
2,1,"217",176
4,"","723",""
4,"","627",""
4,1,"349",176
3,"","477",""
1,"","0",""
3,3,"196",176
2,"","684",""
1,"","0",""
1,3,"92",176
2,"","506",""
2,"","670",""
2,2,"168",176
2,3,"76",176
2,"","851",""
4,"","619",""
2,"","497",""
4,"","158",""
4,"","423",""
4,2,"146",176
2,3,"81",176
1,"","215",""
2,"","630",""
4,"","474",""
3,"","455",""
4,2,"174",176
1,1,"74",176
3,3,"95",176
4,3,"197",176
2,1,"139",176
2,"","475",""
2,1,"148",176
2,"","930",""
4,"","345",""
2,"","538",""
4,3,"190",176
1,"","711",""
2,1,"140",176
1,2,"82",176
3,"","349",""
3,3,"176",177
4,"","185",""
4,3,"238",177
1,"","276",""
1,"","431",""
1,2,"106",177
1,3,"92",177
1,"","311",""
1,3,"58",177
1,"","975",""
1,"","146",""
1,"","684",""
1,1,"135",177
1,3,"78",177
3,"","0",""
3,"","320",""
4,"","280",""
3,3,"216",177
4,1,"507",177
3,2,"173",177
1,"","314",""
4,"","151",""
1,3,"89",177
4,1,"420",177
2,"","228",""
2,1,"311",177
2,"","449",""
2,2,"179",177
1,"","643",""
1,1,"99",177
2,"","215",""
2,1,"188",177
4,"","368",""
4,2,"309",177
3,"","277",""
3,2,"142",177
1,"","685",""
1,1,"113",177
2,"","980",""
2,"","481",""
3,"","657",""
3,"","213",""
3,"","197",""
2,2,"103",177
2,"","442",""
3,2,"274",177
3,2,"201",177
2,"","246",""
3,"","895",""
2,"","0",""
2,1,"14523",177
2,2,"150",177
3,"","462",""
4,"","684",""
2,1,"156",177
3,2,"201",177
4,2,"177",177
2,"","628",""
4,"","845",""
2,2,"119",177
4,"","460",""
4,"","459",""
4,3,"253",177
4,2,"235",177
4,"","333",""
2,"","387",""
4,1,"276",177
2,1,"207",177
1,"","189",""
1,1,"96",177
3,"","15078",""
1,"","645",""
3,"","550",""
1,"","324",""
4,"","0",""
3,2,"138",177
1,2,"68",177
4,3,"194",177
2,"","957",""
4,"","200",""
2,"","685",""
4,2,"303",177
2,1,"282",177
1,"","277",""
3,"","395",""
1,2,"54",177
3,1,"0",177
4,"","468",""
3,"","284",""
4,"","0",""
3,1,"441",177
4,1,"238",177
1,"","0",""
1,"","330",""
1,"","604",""
1,"","312",""
1,1,"91",177
1,1,"71",177
1,2,"58",177
4,"","490",""
4,3,"256",177
3,"","524",""
3,3,"174",177
4,"","615",""
4,"","575",""
4,1,"0",177
4,1,"414",177
2,"","911",""
1,"","536",""
2,"","265",""
2,2,"95",177
1,1,"57",177
4,"","523",""
4,"","552",""
4,2,"170",177
4,3,"152",177
1,"","662",""
1,"","283",""
1,1,"59",177
3,"","141",""
3,2,"142",177
2,"","242",""
1,"","409",""
2,3,"121",177
1,3,"42",177
1,"","1101",""
3,"","246",""
3,3,"0",177
1,"","963",""
1,"","308",""
1,"","495",""
1,3,"63",177
1,"","300",""
1,1,"92",177
4,"","661",""
1,3,"65",177
4,"","582",""
4,"","367",""
1,"","992",""
4,2,"253",177
4,2,"184",177
1,"","0",""
1,"","-582",""
1,2,"56",177
1,1,"0",177
3,"","452",""
3,3,"147",177
4,"","751",""
3,"","558",""
4,"","699",""
2,"","158",""
3,1,"446",176
2,3,"141",176
4,2,"0",176
3,"","127",""
4,"","629",""
3,1,"219",176
2,"","257",""
2,"","260",""
2,2,"94",176
4,2,"302",176
2,2,"0",176
4,"","698",""
4,3,"209",176
3,"","611",""
3,3,"136",176
3,"","411",""
3,3,"177",176
3,"","404",""
1,"","771",""
4,"","565",""
4,"","615",""
3,2,"242",176
3,"","230",""
1,"","506",""
4,"","240",""
3,1,"212",176
4,1,"216",176
1,1,"146",176
4,1,"485",176
3,"","719",""
3,3,"149",176
2,"","231",""
2,3,"186",176
1,"","596",""
1,"","353",""
1,"","219",""
1,3,"46",176
1,1,"111",176
1,3,"0",176
3,"","1110",""
3,"","634",""
3,"","349",""
3,2,"220",176
3,3,"188",176
1,"","581",""
1,"","269",""
1,2,"54",176
1,"","370",""
1,2,"62",176
4,"","613",""
4,"","443",""
4,"","0",""
1,"","502",""
4,3,"319",176
4,1,"389",176
4,"","598",""
1,"","626",""
1,1,"152",176
1,"","707",""
1,"","320",""
4,2,"199",176
1,1,"124",176
1,1,"103",176
1,"","535",""
1,2,"81",176
1,"","259",""
2,"","538",""
1,2,"0",176
2,3,"183",176
1,"","1091",""
1,"","199",""
3,"","384",""
1,2,"14465",176
1,"","270",""
3,3,"171",176
4,"","244",""
1,2,"59",176
2,"","362",""
4,2,"291",176
2,3,"126",176
1,"","641",""
1,3,"74",176
2,"","956",""
2,"","0",""
4,"","163",""
2,2,"66",176
4,2,"197",176
4,2,"197",176
1,"","226",""
1,1,"56",176
1,1,"56",176
2,"","229",""
1,"","288",""
2,2,"82",176
1,2,"76",176
3,"","441",""
1,"","676",""
3,"","515",""
2,"","913",""
1,1,"69",176
3,"","500",""
3,2,"141",176
2,"","341",""
1,"","640",""
3,1,"390",176
2,1,"282",176
1,3,"53",176
1,"","581",""
3,"","502",""
1,1,"110",176
4,"","461",""
3,2,"135",176
4,1,"407",176
3,"","484",""
3,3,"215",176
1,"","713",""
4,"","135",""
4,"","173",""
3,"","701",""
4,3,"217",176
4,3,"201",176
1,1,"107",176
4,"","576",""
3,2,"113",176
4,3,"191",176
2,"","0",""
2,1,"249",176
2,"","543",""
3,"","970",""
4,"","648",""
2,"","371",""
2,3,"107",176
2,2,"86",176
4,1,"294",176
3,"","216",""
3,1,"354",176
1,"","708",""
1,"","223",""
1,1,"51",176
1,"","218",""
1,2,"66",176
1,"","0",""
1,1,"101",176
4,"","685",""
1,"","1057",""
4,"","487",""
2,"","1117",""
4,3,"262",176
3,"","658",""
1,"","375",""
4,1,"428",176
2,"","480",""
3,"","616",""
1,2,"36",176
2,2,"171",176
3,3,"135",176
2,"","189",""
2,2,"90",176
3,"","366",""
3,"","0",""
3,1,"234",176
3,"","536",""
3,2,"181",176
3,2,"183",176
2,"","409",""
2,1,"180",176
4,"","580",""
1,"","467",""
3,"","709",""
3,"","1028",""
1,"","599",""
4,2,"199",176
3,"","214",""
3,1,"0",176
1,3,"49",176
3,1,"324",176
2,"","499",""
2,2,"100",176
1,"","445",""
3,"","504",""
3,"","-387",""
4,"","576",""
1,2,"86",176
3,"","816",""
3,1,"153",176
3,3,"205",176
1,"","649",""
4,"","552",""
1,"","648",""
2,"","642",""
1,"","-442",""
3,"","280",""
4,3,"177",176
1,2,"104",176
1,"","190",""
3,1,"226",176
4,1,"447",176
2,"","286",""
1,1,"103",176
1,3,"66",176
2,1,"241",176
2,1,"184",176
4,"","998",""
4,"","663",""
4,"","380",""
3,"","198",""
4,2,"231",176
2,"","611",""
4,2,"238",176
3,2,"278",176
2,3,"78",176
1,"","1016",""
1,"","324",""
4,"","14802",""
1,3,"0",176
4,1,"0",176
1,"","380",""
1,1,"57",176
3,"","539",""
3,2,"209",176
1,"","136",""
1,"","563",""
2,"","514",""
1,1,"136",176
2,"","620",""
1,1,"125",176
2,3,"128",176
2,"","334",""
3,"","539",""
1,"","435",""
2,2,"128",176
1,"","898",""
3,2,"99",176
1,3,"48",176
1,"","271",""
1,3,"72",176
3,"","650",""
3,"","229",""
3,2,"211",176
3,"","674",""
3,"","530",""
3,1,"171",176
2,"","485",""
3,2,"165",176
3,"","479",""
3,"","579",""
2,1,"138",176
4,"","647",""
3,2,"128",176
3,3,"145",176
1,"","354",""
3,"","315",""
4,"","431",""
2,"","245",""
4,3,"234",176
3,1,"332",176
1,3,"61",176
2,2,"96",176
4,2,"0",176
2,"","14587",""
3,"","335",""
2,1,"135",176
3,"","1056",""
3,1,"178",176
1,"","480",""
1,"","122",""
1,"","147",""
3,"","0",""
1,2,"76",176
1,2,"61",176
2,"","516",""
3,3,"144",176
2,3,"113",176
2,"","149",""
2,2,"71",176
2,"","540",""
4,"","138",""
4,2,"384",176
2,2,"146",176
4,"","422",""
3,"","627",""
4,2,"212",176
3,1,"0",176
3,"","433",""
3,1,"412",176
1,"","543",""
3,"","1172",""
1,3,"48",176
4,"","631",""
3,"","302",""
3,3,"112",176
4,2,"239",176
4,"","481",""
4,"","647",""
4,"","762",""
4,2,"148",176
4,"","566",""
2,"","670",""
3,"","259",""
4,3,"145",176
3,"","607",""
3,2,"101",176
2,1,"140",176
3,"","1024",""
3,"","220",""
3,1,"177",176
3,"","608",""
3,"","1072",""
3,1,"245",176
3,"","580",""
2,"","321",""
2,"","603",""
2,2,"129",176
3,2,"0",176
2,3,"158",176
3,"","766",""
3,"","698",""
3,"","618",""
3,"","254",""
2,"","709",""
3,3,"234",176
3,1,"236",176
2,2,"116",176
1,"","636",""
4,"","244",""
4,2,"231",176
1,"","748",""
4,"","379",""
1,3,"63",176
4,"","325",""
1,"","1073",""
1,"","134",""
4,1,"355",176
4,1,"289",176
1,1,"106",176
1,"","480",""
2,"","129",""
1,2,"46",176
2,2,"108",176
1,"","187",""
1,3,"37",176
1,"","610",""
3,"","687",""
1,"","280",""
3,"","700",""
1,3,"30",176
3,1,"153",176
1,"","364",""
3,1,"137",176
3,"","356",""
1,3,"40",176
3,2,"200",176
1,"","420",""
2,"","233",""
1,2,"29",176
2,2,"154",176
1,"","592",""
1,"","538",""
1,3,"59",176
1,3,"65",176
1,"","426",""
1,3,"57",176
2,"","571",""
2,"","530",""
3,"","436",""
2,"","313",""
3,3,"154",176
2,1,"115",176
2,2,"129",176
3,"","651",""
3,"","188",""
4,"","337",""
3,2,"148",176
3,2,"176",176
4,3,"132",176
2,"","578",""
3,"","1113",""
2,"","358",""
2,2,"148",176
3,"","596",""
2,1,"133",176
4,"","623",""
3,1,"263",176
4,2,"221",176
1,"","648",""
3,"","0",""
4,"","0",""
1,2,"0",176
2,"","215",""
3,2,"207",176
2,3,"127",176
4,2,"143",176
3,"","520",""
4,"","715",""
1,"","691",""
1,"","575",""
3,2,"108",176
4,"","580",""
1,2,"87",176
1,"","545",""
1,1,"0",176
4,1,"133",176
1,2,"70",176
3,"","344",""
3,2,"162",176
3,"","707",""
3,1,"559",175
3,"","306",""
3,3,"0",175
2,"","360",""
2,2,"159",175
4,"","161",""
4,1,"336",175
3,"","683",""
2,"","556",""
3,"","288",""
2,1,"210",175
3,2,"0",175
1,"","591",""
4,"","181",""
4,"","713",""
2,"","142",""
4,2,"446",175
3,"","688",""
2,2,"145",175
1,1,"136",175
4,2,"351",175
3,1,"291",175
3,"","639",""
3,1,"320",175
3,"","513",""
3,1,"346",175
4,"","594",""
4,"","641",""
3,"","737",""
4,3,"396",175
4,"","293",""
3,"","673",""
1,"","288",""
4,"","238",""
4,1,"248",175
4,"","1098",""
1,1,"175",175
4,3,"197",175
3,1,"304",175
4,"","415",""
4,"","875",""
4,3,"299",175
4,"","679",""
3,"","14858",""
4,3,"268",175
3,"","226",""
3,2,"269",175
4,"","329",""
3,1,"249",175
1,"","533",""
4,1,"434",175
1,"","286",""
1,3,"55",175
1,3,"77",175
4,"","291",""
4,2,"361",175
2,"","1108",""
4,"","678",""
2,"","466",""
4,"","627",""
1,"","230",""
2,"","609",""
4,3,"323",175
2,3,"80",175
1,1,"159",175
4,2,"290",175
2,3,"128",175
1,"","178",""
3,"","330",""
1,3,"56",175
3,2,"249",175
1,"","681",""
4,"","321",""
3,"","522",""
4,2,"224",175
2,"","207",""
3,1,"360",175
1,3,"71",175
2,1,"180",175
4,"","503",""
4,"","399",""
4,2,"329",175
3,"","770",""
3,"","456",""
1,"","999",""
3,3,"140",175
1,"","312",""
3,"","0",""
4,"","998",""
2,"","227",""
3,"","524",""
1,2,"40",175
2,1,"190",175
4,"","190",""
2,"","498",""
3,2,"157",175
4,3,"300",175
2,1,"102",175
1,"","413",""
4,"","990",""
3,"","0",""
1,3,"92",175
4,"","257",""
3,1,"255",175
4,1,"411",175
2,"","573",""
4,"","610",""
3,"","552",""
2,"","-856",""
3,"","326",""
2,2,"133",175
4,1,"502",175
3,1,"257",175
3,1,"251",175
1,"","703",""
1,2,"47",175
1,"","271",""
1,1,"143",175
3,"","313",""
3,"","311",""
3,2,"0",175
3,"","713",""
2,"","331",""
3,3,"122",175
3,"","186",""
2,1,"145",175
3,"","686",""
3,3,"123",175
3,3,"164",175
4,"","441",""
3,3,"158",175
2,"","578",""
4,3,"209",175
2,2,"77",175
4,"","150",""
1,"","0",""
4,2,"217",175
1,3,"47",175
1,"","625",""
1,"","0",""
1,1,"56",175
2,"","350",""
2,2,"78",175
1,"","373",""
3,"","221",""
2,"","406",""
3,3,"139",175
1,1,"60",175
2,1,"167",175
1,"","682",""
1,3,"76",175
2,"","231",""
2,2,"118",175
3,"","624",""
2,"","0",""
2,2,"84",175
3,2,"195",175
1,"","684",""
4,"","379",""
3,"","911",""
4,1,"487",175
1,2,"43",175
3,"","453",""
4,"","469",""
1,"","264",""
3,3,"198",175
4,"","342",""
1,2,"63",175
3,"","327",""
1,"","295",""
4,2,"102",175
1,"","547",""
4,"","0",""
3,2,"183",175
1,3,"57",175
1,2,"63",175
4,"","621",""
2,"","648",""
4,1,"237",175
4,"","633",""
2,2,"93",175
3,"","131",""
4,2,"273",175
3,2,"115",175
4,"","319",""
4,2,"-71827",175
3,"","755",""
3,"","683",""
3,"","499",""
4,"","639",""
3,"","562",""
3,2,"120",176
3,1,"506",176
4,2,"201",176
1,"","207",""
2,"","542",""
1,3,"68",176
2,2,"146",176
2,2,"146",176
4,"","174",""
4,1,"603",176
3,"","636",""
3,"","225",""
4,"","606",""
3,2,"133",176
3,1,"185",176
2,"","0",""
4,1,"331",176
2,1,"280",176
1,"","378",""
1,3,"92",176
3,"","506",""
4,"","367",""
3,"","647",""
4,2,"186",176
3,3,"201",176
3,"","541",""
3,2,"138",176
3,"","406",""
3,2,"125",176
3,"","1011",""
3,"","715",""
2,"","329",""
3,1,"379",176
2,3,"122",176
1,"","645",""
1,"","520",""
4,"","663",""
3,"","832",""
4,"","655",""
1,3,"69",176
3,"","525",""
4,2,"199",176
3,2,"240",176
3,"","609",""
3,"","275",""
3,"","648",""
3,3,"113",176
3,1,"380",176
1,"","505",""
3,"","799",""
1,1,"108",176
3,"","157",""
3,1,"346",176
4,"","262",""
3,"","312",""
4,"","1110",""
4,3,"379",176
3,1,"201",176
4,"","171",""
4,1,"551",176
4,"","851",""
4,"","239",""
2,"","259",""
4,"","214",""
4,1,"557",176
4,2,"228",176
2,1,"120",176
4,"","127",""
4,3,"189",176
4,"","703",""
4,"","-162",""
4,1,"507",176
4,3,"347",176
2,"","858",""
2,"","648",""
2,"","379",""
2,"","299",""
2,2,"113",176
2,3,"192",176
3,"","0",""
3,3,"197",176
3,"","255",""
3,3,"223",176
2,"","591",""
1,"","226",""
1,3,"50",176
2,1,"206",176
3,"","388",""
4,"","948",""
3,2,"78",176
4,"","252",""
4,1,"0",176
4,"","775",""
4,"","504",""
3,"","756",""
4,"","561",""
1,"","1030",""
3,"","411",""
4,2,"235",176
1,"","926",""
4,1,"362",176
3,"","0",""
1,"","254",""
3,2,"116",176
1,"","334",""
1,1,"87",176
3,"","699",""
1,1,"101",176
3,3,"260",176
4,"","216",""
4,3,"329",176
1,"","606",""
1,"","385",""
1,1,"96",176
1,3,"67",176
1,"","591",""
1,3,"37",176
3,"","692",""
3,2,"109",176
4,"","209",""
4,2,"242",176
3,"","276",""
3,3,"245",176
1,"","1007",""
2,"","123",""
1,"","555",""
2,1,"176",176
4,"","662",""
3,"","961",""
1,1,"116",176
4,2,"212",176
3,"","620",""
3,2,"149",176
4,"","0",""
4,2,"299",176
2,"","-381",""
2,2,"72",176
4,"","946",""
3,"","272",""
3,2,"0",176
1,"","580",""
4,"","586",""
1,1,"116",176
4,3,"212",176
2,"","307",""
3,"","499",""
2,1,"183",176
2,"","316",""
3,3,"134",176
4,"","630",""
2,1,"0",176
4,1,"230",176
1,"","405",""
2,"","704",""
4,"","691",""
1,1,"154",178
2,1,"258",178
2,"","265",""
4,1,"587",178
2,"","473",""
2,3,"93",178
3,"","14867",""
2,1,"193",178
3,2,"173",178
1,"","15169",""
4,"","783",""
1,"","478",""
4,"","467",""
1,1,"61",178
4,1,"313",178
2,"","1019",""
3,"","340",""
3,"","290",""
3,1,"289",178
3,1,"308",178
2,"","624",""
2,"","188",""
1,"","701",""
2,2,"119",178
2,"","438",""
2,3,"151",178
1,"","196",""
1,3,"44",178
2,1,"262",178
4,"","346",""
4,1,"368",178
1,"","542",""
3,"","649",""
1,1,"112",178
3,2,"218",178
4,"","604",""
4,3,"309",178
3,"","408",""
3,2,"170",178
1,"","247",""
1,"","418",""
1,2,"53",178
1,3,"64",178
3,"","169",""
2,"","251",""
3,1,"0",178
2,2,"77",178
2,"","504",""
1,"","340",""
2,1,"153",178
1,2,"64",178
2,"","511",""
1,"","475",""
2,"","669",""
2,3,"185",178
1,3,"73",178
4,"","561",""
2,3,"121",178
4,"","449",""
3,"","639",""
4,"","413",""
4,3,"234",178
4,1,"318",178
3,"","487",""
3,1,"0",178
4,3,"201",178
2,"","708",""
3,2,"136",178
2,"","126",""
4,"","578",""
2,2,"145",178
1,"","148",""
4,"","457",""
1,"","15019",""
1,1,"119",178
1,"","946",""
4,3,"166",178
1,2,"82",178
1,"","399",""
1,1,"109",178
4,"","504",""
4,"","350",""
4,1,"389",178
3,"","1109",""
3,"","395",""
3,3,"248",178
3,"","0",""
3,1,"241",178
4,"","148",""
4,1,"580",178
2,"","607",""
2,3,"80",178
3,"","418",""
3,"","210",""
3,1,"209",178
3,2,"0",178
1,"","486",""
2,"","124",""
2,3,"79",178
1,1,"61",178
2,"","295",""
2,"","840",""
2,"","756",""
2,3,"163",178
2,"","541",""
2,"","452",""
1,"","817",""
2,1,"178",178
1,"","553",""
2,2,"81",178
2,"","465",""
1,"","424",""
3,"","145",""
3,2,"114",178
1,2,"61",178
2,1,"166",178
1,2,"55",178
3,"","194",""
3,2,"106",178
1,"","194",""
4,"","522",""
1,"","306",""
1,2,"70",178
2,"","146",""
1,3,"64",178
4,1,"547",178
2,1,"0",178
3,"","0",""
3,"","482",""
1,"","804",""
3,3,"212",178
3,"","491",""
1,"","573",""
3,1,"199",178
4,"","169",""
1,1,"68",178
1,"","619",""
4,2,"285",178
4,"","318",""
3,"","1024",""
1,1,"75",178
4,2,"283",178
3,"","600",""
3,"","703",""
3,"","0",""
2,"","179",""
2,"","682",""
3,3,"138",178
3,3,"0",178
2,2,"56",178
1,"","567",""
4,"","262",""
2,2,"64",178
1,"","186",""
2,"","651",""
4,2,"183",178
1,3,"85",178
2,"","882",""
2,3,"119",178
2,"","0",""
2,"","211",""
2,3,"48",178
2,1,"97",178
3,"","764",""
1,"","294",""
4,"","378",""
1,2,"60",178
1,"","0",""
3,"","573",""
4,3,"201",178
3,"","332",""
4,"","325",""
3,1,"224",178
3,2,"134",178
1,1,"94",178
2,"","266",""
4,1,"280",178
3,"","882",""
2,3,"147",178
3,"","448",""
3,3,"119",178
4,"","333",""
4,2,"190",178
2,"","121",""
2,3,"72",178
4,"","131",""
3,"","440",""
4,2,"129",178
3,2,"0",178
1,"","192",""
4,"","725",""
1,3,"31",178
2,"","599",""
4,"","0",""
1,"","202",""
4,3,"0",178
2,1,"128",178
3,"","418",""
1,2,"28",178
3,1,"197",178
1,"","1001",""
4,"","637",""
3,"","0",""
4,"","474",""
3,"","525",""
1,"","338",""
3,"","699",""
1,"","435",""
4,1,"400",178
1,1,"51",178
3,1,"343",178
3,1,"344",178
3,3,"82",178
1,3,"37",178
2,"","285",""
1,"","579",""
2,2,"116",177
4,"","619",""
1,2,"70",177
4,1,"294",177
3,"","531",""
1,"","573",""
2,"","687",""
3,"","185",""
3,2,"193",177
3,2,"240",177
2,"","508",""
4,"","683",""
1,2,"42",177
2,3,"171",177
4,3,"168",177
1,"","627",""
1,3,"33",177
3,"","1000",""
3,"","636",""
4,"","350",""
1,"","164",""
1,"","570",""
4,3,"150",177
3,1,"300",177
1,3,"71",177
1,1,"0",177
4,"","703",""
4,3,"204",177
1,"","156",""
1,3,"77",177
2,"","181",""
3,"","491",""
2,3,"82",177
4,"","175",""
4,3,"463",177
3,2,"138",177
2,"","614",""
4,"","284",""
2,"","653",""
4,1,"575",177
2,3,"113",177
2,"","525",""
3,"","-273",""
3,3,"281",177
2,2,"98",177
1,"","132",""
1,2,"50",177
4,"","327",""
4,3,"162",177
4,"","754",""
2,"","185",""
2,3,"122",177
2,"","891",""
4,"","391",""
2,"","329",""
4,1,"299",177
2,1,"272",177
2,"","497",""
2,1,"242",177
4,"","192",""
1,"","631",""
4,2,"-265",177
1,2,"87",177
1,"","607",""
4,"","538",""
2,"","343",""
4,"","1115",""
1,3,"72",177
1,"","169",""
4,1,"14943",177
2,1,"299",177
3,"","159",""
1,1,"0",177
3,2,"198",177
4,"","435",""
4,"","0",""
4,3,"254",177
1,"","448",""
4,2,"198",177
4,"","492",""
1,1,"121",177
4,2,"237",177
4,"","209",""
4,1,"235",177
1,"","757",""
3,"","361",""
1,"","485",""
3,"","314",""
3,2,"290",177
2,"","179",""
1,1,"104",177
1,1,"104",177
3,2,"144",177
2,3,"99",177
2,"","239",""
1,"","823",""
1,"","642",""
2,2,"-154",177
1,"","691",""
1,"","684",""
1,"","297",""
1,1,"113",177
1,2,"51",177
1,3,"83",177
1,2,"81",177
4,"","531",""
1,"","680",""
1,"","329",""
2,"","492",""
4,3,"310",177
1,2,"67",177
4,"","711",""
1,3,"40",177
2,3,"95",177
2,"","352",""
4,"","337",""
2,"","708",""
2,2,"116",177
1,"","311",""
4,1,"406",177
1,3,"0",177
2,3,"96",177
3,"","174",""
4,"","517",""
3,3,"99",177
4,1,"222",177
2,"","576",""
2,3,"87",177
3,"","344",""
3,"","660",""
3,3,"122",177
3,1,"284",177
4,"","434",""
3,"","782",""
4,"","170",""
4,3,"272",177
4,"","446",""
4,"","232",""
4,3,"248",177
3,"","0",""
2,"","396",""
4,1,"300",177
4,3,"349",177
3,2,"116",177
1,"","810",""
4,"","792",""
2,2,"150",177
2,"","360",""
1,"","407",""
4,"","0",""
2,2,"131",177
2,"","0",""
1,1,"62",177
4,2,"144",177
2,"","238",""
1,"","424",""
2,"","190",""
2,3,"116",177
1,"","271",""
2,2,"122",177
1,1,"91",177
1,2,"55",177
2,"","458",""
4,"","604",""
2,1,"130",177
4,1,"326",177
3,"","666",""
3,"","484",""
1,"","632",""
3,2,"160",177
3,1,"308",177
1,2,"87",177
2,"","0",""
2,1,"100",177
4,"","523",""
3,"","664",""
4,3,"179",177
1,"","819",""
3,3,"75",177
1,"","-433",""
1,3,"43",177
2,"","540",""
3,"","446",""
2,2,"148",177
3,1,"182",177
2,"","615",""
1,"","1047",""
3,"","563",""
2,1,"0",177
3,"","568",""
1,"","258",""
1,"","500",""
1,1,"126",177
3,"","134",""
3,3,"136",177
1,1,"85",177
3,3,"236",177
3,"","303",""
3,1,"345",177
1,"","384",""
1,1,"149",177
1,"","626",""
3,"","144",""
3,3,"114",177
1,3,"56",177
1,"","992",""
2,"","501",""
2,"","715",""
1,"","642",""
2,2,"140",177
2,"","644",""
1,2,"53",177
2,1,"252",177
4,"","688",""
4,1,"386",177
1,"","471",""
1,2,"79",177
1,"","-395",""
1,"","794",""
3,"","179",""
1,2,"99",177
3,3,"143",177
1,"","423",""
1,1,"114",177
4,"","580",""
4,"","1036",""
1,"","714",""
4,3,"255",177
4,"","501",""
1,3,"78",177
4,1,"368",177
4,"","0",""
3,"","441",""
4,"","666",""
4,1,"533",177
3,2,"181",177
4,"","597",""
1,"","663",""
4,2,"244",177
1,2,"59",177
2,"","626",""
3,"","678",""
2,1,"299",177
3,2,"241",177
4,"","598",""
2,"","654",""
4,3,"181",177
2,1,"193",177
2,"","538",""
1,"","535",""
4,"","289",""
2,1,"326",177
4,"","575",""
4,2,"0",177
1,1,"104",177
1,"","144",""
4,2,"149",177
1,3,"61",177
3,"","265",""
3,3,"289",177
4,"","694",""
4,3,"211",177
2,"","873",""
1,"","174",""
2,"","474",""
2,"","305",""
1,3,"48",177
2,1,"138",177
2,2,"77",177
3,"","354",""
3,1,"289",177
1,"","711",""
1,2,"77",177
1,"","885",""
3,"","182",""
3,2,"160",177
1,"","14865",""
3,"","193",""
1,"","676",""
1,"","559",""
3,3,"203",177
1,1,"128",177
1,"","184",""
2,"","371",""
1,3,"69",177
1,3,"34",177
1,2,"40",177
1,"","704",""
2,2,"77",177
4,"","307",""
1,"","0",""
4,3,"224",177
1,3,"34",177
1,2,"52",177
4,"","651",""
2,"","172",""
2,1,"142",177
4,1,"419",177
2,"","319",""
4,"","537",""
4,"","198",""
1,"","158",""
2,1,"193",177
4,3,"289",177
1,3,"70",177
4,1,"367",177
3,"","619",""
3,"","697",""
2,"","0",""
3,"","419",""
2,"","217",""
2,2,"106",177
3,"","523",""
4,"","697",""
2,2,"101",177
3,3,"166",177
1,"","1036",""
2,"","656",""
3,"","444",""
4,"","0",""
3,2,"165",177
4,3,"167",177
3,3,"140",177
1,"","283",""
4,"","706",""
2,1,"210",177
2,"","825",""
3,"","501",""
1,3,"46",177
2,"","574",""
1,"","972",""
3,1,"163",177
4,2,"172",177
4,"","528",""
2,3,"85",177
1,"","562",""
4,1,"377",177
1,1,"66",177
3,"","303",""
3,1,"237",177
2,"","269",""
1,"","608",""
2,2,"50",177
1,"","121",""
1,3,"42",177
1,"","514",""
1,"","684",""
4,"","138",""
1,3,"26",177
4,3,"260",177
1,3,"64",177
1,"","442",""
1,1,"86",177
3,"","492",""
3,1,"159",177
1,"","464",""
2,"","407",""
1,2,"42",177
2,3,"76",177
2,3,"76",177
4,"","244",""
4,3,"164",177
4,"","159",""
4,1,"501",177
1,"","372",""
3,"","363",""
1,2,"80",177
3,3,"169",177
4,"","602",""
1,"","715",""
4,"","633",""
1,"","386",""
4,1,"691",177
4,"","284",""
1,2,"40",177
4,1,"283",177
4,2,"407",177
4,"","547",""
4,1,"347",177
2,"","431",""
2,2,"186",177
2,"","266",""
4,"","647",""
3,"","630",""
2,3,"124",177
4,1,"627",177
3,1,"481",177
1,"","1029",""
3,"","952",""
1,"","0",""
2,"","679",""
3,"","0",""
1,2,"70",177
3,1,"273",177
3,1,"273",177
4,"","646",""
2,3,"149",177
3,"","555",""
3,"","703",""
1,"","155",""
4,1,"14859",177
2,"","911",""
1,1,"107",177
4,"","726",""
3,3,"185",177
2,"","386",""
1,"","147",""
4,"","362",""
1,3,"65",177
2,2,"132",177
2,"","701",""
4,3,"356",177
4,"","366",""
2,1,"133",177
3,"","395",""
1,"","612",""
4,2,"319",177
3,3,"188",177
1,"","510",""
1,2,"52",177
1,"","137",""
1,3,"66",177
3,"","577",""
1,"","850",""
3,"","390",""
1,"","0",""
3,1,"285",177
1,3,"98",177
4,"","235",""
4,2,"166",177
1,"","646",""
1,3,"70",177
4,"","588",""
3,"","511",""
1,"","308",""
4,2,"331",177
3,3,"223",177
1,3,"73",177
2,"","362",""
2,1,"172",177
4,"","709",""
1,"","152",""
1,3,"100",177
4,3,"263",177
1,"","380",""
1,1,"79",177
1,"","576",""
3,"","524",""
1,"","245",""
3,3,"163",177
1,2,"54",177
1,1,"72",177
3,"","356",""
1,"","0",""
2,"","1014",""
3,3,"284",177
1,1,"106",177
2,"","456",""
1,"","1141",""
2,3,"104",177
1,"","149",""
4,"","144",""
1,3,"55",177
4,2,"371",177
1,"","433",""
1,3,"53",177
1,"","358",""
4,"","605",""
1,1,"122",177
4,3,"192",177
1,"","673",""
4,"","931",""
1,3,"14469",177
3,"","705",""
4,"","276",""
4,3,"0",177
3,"","860",""
3,1,"381",177
1,"","641",""
2,"","265",""
3,"","294",""
2,2,"70",177
3,"","454",""
3,3,"124",177
1,3,"54",177
3,"","561",""
2,"","634",""
3,2,"194",177
2,1,"137",177
3,"","541",""
3,2,"143",177
1,"","422",""
1,1,"59",177
3,"","482",""
3,3,"137",177
1,"","188",""
3,"","453",""
1,1,"84",177
3,3,"191",177
1,"","0",""
1,3,"55",177
2,"","315",""
2,1,"270",177
4,"","693",""
3,"","591",""
4,"","425",""
3,"","462",""
1,"","152",""
4,3,"218",177
1,2,"59",177
2,"","600",""
3,2,"203",177
2,"","247",""
2,1,"217",177
4,"","252",""
4,2,"0",177
2,"","497",""
2,1,"234",177
2,"","509",""
3,"","270",""
2,2,"112",177
3,2,"130",177
1,"","567",""
3,"","296",""
1,2,"55",177
4,"","641",""
3,2,"183",177
2,"","967",""
4,3,"190",177
4,"","433",""
2,"","224",""
1,"","304",""
2,"","623",""
2,2,"92",177
1,1,"49",177
4,1,"430",177
3,"","911",""
2,1,"209",177
3,"","410",""
4,"","713",""
3,2,"122",177
4,"","462",""
4,1,"485",177
4,1,"0",177
3,"","211",""
1,"","274",""
3,"","132",""
3,2,"215",177
3,1,"219",177
1,3,"70",177
2,"","383",""
2,3,"52",177
2,"","832",""
2,"","455",""
1,"","348",""
2,1,"181",177
1,3,"45",177
1,"","726",""
1,"","616",""
3,"","702",""
2,"","395",""
1,2,"52",177
3,3,"266",177
2,2,"111",177
4,"","634",""
4,"","637",""
4,"","-402",""
4,"","0",""
4,1,"458",177
4,2,"133",177
4,3,"302",177
2,"","573",""
2,1,"200",177
1,"","711",""
1,"","0",""
3,"","334",""
4,"","948",""
3,1,"394",177
1,2,"43",177
1,"","14968",""
4,"","566",""
1,"","642",""
4,"","622",""
4,2,"140",177
1,3,"40",177
4,3,"442",177
2,"","445",""
2,1,"241",177
4,"","653",""
4,2,"330",177
4,"","806",""
4,"","430",""
3,"","414",""
4,"","538",""
3,2,"123",177
4,3,"359",177
4,1,"370",177
3,"","650",""
3,"","221",""
3,1,"397",177
1,"","210",""
3,"","551",""
3,3,"238",177
1,1,"153",177
2,"","183",""
3,2,"116",177
2,2,"83",177
2,"","245",""
3,"","698",""
2,1,"290",177
3,1,"370",177
3,"","658",""
4,"","654",""
4,"","680",""
3,"","413",""
3,3,"121",177
4,1,"546",177
4,3,"422",177
3,3,"219",177
1,"","583",""
1,"","679",""
4,"","150",""
4,"","452",""
1,2,"74",177
4,"","509",""
1,"","549",""
4,2,"224",177
4,"","207",""
4,1,"457",177
4,1,"485",177
4,3,"341",177
1,1,"114",177
1,"","0",""
1,"","123",""
1,3,"62",177
1,1,"84",177
4,"","479",""
3,"","669",""
4,"","218",""
4,2,"260",177
4,2,"-260",177
3,3,"217",177
2,"","449",""
2,2,"76",177
2,"","248",""
4,"","197",""
2,1,"127",177
4,2,"257",177
1,"","510",""
4,"","187",""
3,"","130",""
1,2,"58",177
3,2,"193",177
4,2,"170",177
4,"","507",""
4,2,"212",177
1,"","811",""
1,"","673",""
4,"","262",""
3,"","487",""
4,3,"304",177
2,"","297",""
1,3,"58",177
3,2,"202",177
2,1,"127",177
2,"","706",""
4,"","441",""
4,3,"283",177
2,1,"209",177
1,"","454",""
1,1,"63",177
2,"","193",""
2,"","681",""
2,1,"131",177
2,2,"72",177
1,"","1036",""
1,"","839",""
1,"","381",""
2,"","1012",""
1,"","469",""
1,3,"0",177
1,1,"92",177
4,"","578",""
2,"","140",""
2,1,"267",177
1,"","713",""
4,2,"249",177
4,"","657",""
3,"","398",""
1,2,"64",177
2,"","618",""
4,3,"331",177
3,"","493",""
3,2,"0",177
2,"","753",""
2,"","139",""
2,3,"69",177
2,3,"74",177
3,3,"123",177
2,"","474",""
3,"","317",""
2,"","525",""
3,1,"234",177
2,1,"222",177
2,2,"112",177
2,"","483",""
2,1,"154",177
1,"","526",""
1,2,"58",178
4,"","537",""
3,"","201",""
4,"","534",""
2,"","243",""
4,2,"212",178
3,1,"422",178
2,3,"99",178
4,3,"327",178
3,"","954",""
3,"","432",""
3,2,"251",178
4,"","589",""
3,"","685",""
3,"","215",""
4,2,"177",178
1,"","540",""
3,"","162",""
3,2,"278",178
1,"","688",""
3,3,"248",178
2,"","605",""
1,1,"92",178
2,2,"134",178
3,"","556",""
3,"","691",""
1,"","188",""
4,"","325",""
1,3,"44",178
3,"","427",""
4,1,"682",178
3,2,"119",178
3,1,"344",178
3,"","503",""
2,"","539",""
3,3,"0",178
2,3,"182",178
4,"","652",""
3,"","665",""
4,3,"316",178
3,1,"178",178
1,"","455",""
1,1,"156",178
1,1,"156",178
1,"","224",""
1,1,"98",178
1,"","983",""
1,"","571",""
1,"","187",""
1,1,"113",178
1,2,"103",178
3,"","674",""
4,"","556",""
1,"","609",""
3,3,"-273",178
4,2,"259",178
3,"","345",""
1,3,"47",178
3,3,"191",178
2,"","290",""
4,"","621",""
2,3,"168",178
3,"","588",""
4,"","1058",""
1,"","467",""
4,"","377",""
3,3,"226",178
4,3,"337",178
1,3,"83",178
4,"","278",""
4,1,"455",178
3,"","306",""
3,3,"227",178
2,"","393",""
2,1,"0",178
3,"","571",""
4,"","0",""
3,1,"202",178
4,2,"372",178
3,"","271",""
3,"","474",""
3,1,"252",178
1,"","311",""
3,3,"133",178
1,2,"0",178
1,"","153",""
4,"","185",""
1,1,"89",178
4,3,"205",178
4,"","472",""
4,1,"407",178
2,"","153",""
2,"","810",""
2,1,"197",178
4,"","145",""
4,2,"219",178
2,"","247",""
2,1,"143",178
1,"","633",""
1,"","535",""
1,2,"64",178
2,"","0",""
3,"","207",""
2,2,"71",178
3,3,"208",178
4,"","716",""
4,2,"0",178
1,"","121",""
1,2,"57",178
3,"","639",""
3,1,"194",178
1,"","143",""
1,2,"43",178
3,"","896",""
3,"","606",""
3,3,"146",178
1,"","586",""
1,2,"0",178
3,"","372",""
3,2,"143",178
3,"","502",""
3,3,"80",178
2,"","568",""
3,"","581",""
2,"","725",""
2,"","699",""
2,2,"149",178
3,3,"111",178
2,1,"0",178
1,"","401",""
3,"","439",""
2,"","312",""
1,3,"59",178
3,3,"96",178
2,1,"0",178
1,"","555",""
2,"","519",""
1,2,"36",178
4,"","812",""
2,1,"112",178
4,"","122",""
4,1,"468",178
2,"","1009",""
2,"","202",""
3,"","362",""
2,"","575",""
2,3,"177",178
3,2,"118",178
2,2,"139",178
1,"","336",""
1,2,"42",178
4,"","296",""
4,3,"276",178
1,"","228",""
1,"","535",""
1,1,"104",178
1,"","416",""
2,"","459",""
4,"","495",""
1,1,"118",178
3,"","352",""
2,3,"147",178
4,2,"0",178
3,1,"323",178
3,"","645",""
3,"","0",""
4,"","629",""
4,"","216",""
3,1,"417",178
4,1,"14671",178
3,"","664",""
4,"","222",""
3,3,"197",178
4,3,"182",178
4,"","233",""
4,"","249",""
1,"","368",""
4,1,"597",178
4,1,"209",178
1,2,"39",178
2,"","526",""
2,"","249",""
2,3,"180",178
2,"","361",""
1,"","388",""
2,1,"133",178
3,"","262",""
2,2,"111",178
1,3,"58",178
3,3,"182",178
4,"","332",""
1,"","665",""
4,3,"150",178
1,"","380",""
1,3,"60",178
1,"","620",""
4,"","334",""
1,"","670",""
3,"","641",""
1,"","504",""
3,"","-986",""
4,3,"175",178
1,"","120",""
1,2,"34",178
1,3,"75",178
3,2,"199",178
4,"","620",""
4,1,"662",178
2,"","675",""
2,"","388",""
2,"","400",""
2,3,"137",178
2,3,"147",178
2,1,"141",178
4,"","0",""
4,2,"223",178
1,"","594",""
1,2,"54",178
3,"","980",""
4,"","326",""
3,"","532",""
4,2,"383",178
4,"","217",""
3,1,"258",178
4,3,"0",178
4,"","867",""
4,"","560",""
4,"","644",""
4,1,"179",178
4,1,"396",178
1,"","217",""
1,3,"72",178
2,"","174",""
2,2,"145",178
3,"","263",""
4,"","702",""
2,"","378",""
3,1,"225",178
4,2,"158",178
2,3,"128",178
4,"","464",""
4,2,"154",178
4,"","348",""
4,2,"323",178
1,"","336",""
1,1,"74",178
2,"","135",""
2,1,"233",178
4,"","701",""
1,"","399",""
4,3,"243",178
1,1,"71",178
1,"","543",""
1,"","445",""
3,"","849",""
1,1,"0",178
3,"","584",""
1,"","1048",""
3,3,"201",178
1,"","550",""
1,"","0",""
3,"","719",""
1,3,"34",178
1,2,"56",178
3,"","349",""
3,"","503",""
3,1,"291",178
3,3,"227",178
4,"","205",""
4,1,"238",178
2,"","217",""
1,"","260",""
1,"","593",""
2,2,"130",178
1,1,"81",178
2,"","279",""
2,3,"126",178
1,1,"68",178
3,"","124",""
2,"","0",""
2,"","398",""
1,"","420",""
3,3,"133",178
4,"","609",""
2,1,"149",178
4,"","525",""
2,2,"114",178
1,3,"71",178
2,"","299",""
4,3,"293",178
4,3,"293",178
4,3,"290",178
1,"","299",""
2,3,"129",178
1,2,"33",178
2,"","1068",""
2,"","648",""
2,2,"115",178
2,"","894",""
1,"","271",""
4,"","608",""
2,"","135",""
1,2,"36",178
2,1,"87",178
4,1,"458",178
1,"","714",""
1,3,"68",178
3,"","400",""
4,"","478",""
3,"","166",""
3,1,"251",178
4,2,"375",178
3,1,"400",178
2,"","133",""
2,3,"144",178
3,"","702",""
4,"","402",""
1,"","520",""
3,2,"175",178
4,1,"552",178
1,1,"71",178
1,"","513",""
1,3,"-65",179
3,"","181",""
3,1,"273",179
4,"","467",""
4,2,"263",179
3,"","603",""
3,3,"113",179
4,"","653",""
4,2,"202",179
3,"","472",""
1,"","192",""
1,3,"0",179
3,"","689",""
3,1,"293",179
3,2,"156",179
4,"","1029",""
3,"","642",""
4,"","591",""
3,3,"277",179
4,2,"191",179
4,"","717",""
4,1,"527",179
2,"","712",""
3,"","674",""
4,"","422",""
2,2,"123",179
3,"","0",""
1,"","480",""
2,"","410",""
4,1,"312",179
3,"","146",""
3,3,"305",179
3,3,"161",179
2,3,"166",179
1,3,"53",179
4,"","598",""
4,3,"354",179
1,"","709",""
3,"","791",""
4,"","582",""
2,"","343",""
3,"","499",""
1,"","382",""
1,"","362",""
3,"","459",""
4,"","312",""
1,1,"130",179
2,3,"177",179
1,1,"85",179
1,3,"41",179
3,1,"254",179
3,3,"279",179
4,1,"260",179
4,"","848",""
4,"","319",""
2,"","1177",""
4,3,"279",179
3,"","191",""
2,"","533",""
3,1,"199",179
3,"","0",""
3,"","130",""
2,3,"83",179
3,2,"123",179
4,"","600",""
4,"","627",""
4,"","172",""
4,3,"276",179
4,1,"630",179
1,"","502",""
2,"","608",""
1,3,"74",179
2,"","581",""
2,2,"100",179
2,3,"144",179
1,"","1076",""
1,"","427",""
4,"","543",""
2,"","1090",""
1,3,"62",179
4,3,"329",179
2,"","533",""
1,"","680",""
2,1,"99",179
3,"","807",""
1,"","442",""
3,"","690",""
1,2,"64",179
4,"","475",""
3,1,"155",179
4,2,"181",179
4,"","537",""
3,"","132",""
3,1,"217",179
1,"","1026",""
4,2,"150",179
2,"","207",""
2,2,"77",179
2,"","480",""
1,"","0",""
2,"","188",""
1,3,"78",179
2,3,"103",179
2,"","305",""
2,1,"0",179
3,"","501",""
1,"","258",""
4,"","247",""
3,"","198",""
3,2,"195",179
1,2,"38",179
4,1,"275",179
3,3,"136",179
4,"","291",""
4,1,"293",179
4,"","224",""
4,3,"307",179
4,"","231",""
4,3,"128",179
3,"","492",""
3,1,"289",179
3,"","356",""
3,"","363",""
3,1,"365",179
1,"","550",""
3,3,"161",179
1,3,"46",179
3,"","186",""
3,3,"132",179
4,"","657",""
4,1,"176",179
1,"","0",""
2,"","510",""
2,"","642",""
2,"","758",""
1,3,"34",179
2,"","654",""
2,3,"74",179
2,3,"0",179
3,"","925",""
2,2,"130",179
3,"","279",""
4,"","580",""
2,"","1156",""
3,2,"138",179
4,2,"0",179
2,"","0",""
2,1,"207",179
2,"","669",""
2,3,"-71921",179
3,"","1146",""
2,"","551",""
3,"","635",""
2,3,"180",179
3,"","0",""
3,2,"268",179
3,"","564",""
3,"","683",""
3,2,"175",179
3,"","284",""
3,"","587",""
1,"","633",""
3,2,"158",179
1,"","256",""
3,3,"231",179
1,3,"43",179
1,"","581",""
1,"","1018",""
1,3,"44",179
3,"","244",""
1,"","441",""
3,3,"198",179
1,3,"39",179
1,"","690",""
1,3,"64",179
3,"","231",""
3,2,"141",179
2,"","913",""
2,"","531",""
2,3,"76",179
4,"","353",""
3,"","192",""
3,3,"210",179
4,3,"235",179
2,"","162",""
2,3,"102",179
4,"","431",""
2,"","413",""
4,1,"693",179
2,3,"202",179
3,"","704",""
2,"","613",""
3,2,"98",179
2,3,"69",179
1,"","748",""
4,"","316",""
1,"","0",""
4,"","0",""
4,"","14676",""
4,3,"317",179
1,3,"75",179
4,1,"478",179
4,"","363",""
4,3,"282",179
3,"","574",""
3,3,"176",179
3,"","129",""
3,3,"0",179
3,"","323",""
4,"","450",""
1,"","373",""
3,2,"272",179
4,2,"137",179
2,"","216",""
1,2,"68",179
2,2,"193",179
1,"","758",""
1,"","688",""
4,"","411",""
4,1,"488",179
1,3,"87",179
2,"","601",""
2,3,"107",179
2,"","-565",""
2,1,"268",179
1,"","401",""
1,2,"32",179
2,"","679",""
1,"","716",""
1,"","537",""
2,1,"180",179
1,"","329",""
1,2,"65",179
1,3,"0",179
3,"","698",""
4,"","487",""
3,"","415",""
4,"","575",""
2,"","716",""
3,1,"221",179
3,2,"200",179
4,3,"255",179
2,3,"116",179
4,"","0",""
3,"","660",""
3,"","504",""
4,"","543",""
3,"","292",""
3,"","177",""
4,"","462",""
3,"","311",""
3,3,"170",179
4,3,"0",179
3,3,"138",179
3,2,"144",179
4,2,"315",179
3,"","901",""
4,"","552",""
3,"","124",""
3,"","656",""
3,"","186",""
3,3,"185",179
4,2,"192",179
3,2,"192",179
3,2,"149",179
2,"","392",""
1,"","697",""
2,1,"119",179
1,1,"65",179
1,"","601",""
1,1,"88",179
4,"","141",""
4,"","141",""
4,1,"296",179
2,"","663",""
4,1,"516",179
4,"","423",""
2,"","338",""
4,"","179",""
4,3,"136",179
2,2,"153",179
4,3,"297",179
3,"","179",""
3,3,"0",179
3,"","430",""
2,"","337",""
2,3,"90",179
3,1,"347",179
1,"","195",""
1,1,"73",179
1,"","633",""
1,"","509",""
1,1,"77",179
4,"","682",""
4,"","173",""
4,3,"191",179
4,2,"152",179
2,"","336",""
1,"","629",""
2,3,"144",179
1,"","324",""
1,3,"34",179
1,1,"120",179
1,"","326",""
1,2,"73",179
3,"","0",""
3,1,"277",179
2,"","426",""
4,"","355",""
2,2,"142",179
4,"","277",""
4,3,"132",179
3,"","0",""
4,1,"296",179
3,"","352",""
3,2,"131",179
3,2,"129",179
